Card	Decks	PR	Type	Mana	Non-mana
Mana Crypt	63	1.00	Artifact	True	False
Sol Ring	62	0.98	Artifact	True	False
Mox Diamond	61	0.97	Artifact	True	False
Chrome Mox	61	0.97	Artifact	True	False
Polluted Delta	57	0.90	Land	False	True
Misty Rainforest	57	0.90	Land	False	True
Verdant Catacombs	55	0.87	Land	False	True
Flooded Strand	53	0.84	Land	False	True
Scalding Tarn	51	0.81	Land	False	True
Bloodstained Mire	50	0.79	Land	False	True
Wooded Foothills	50	0.79	Land	False	True
Marsh Flats	50	0.79	Land	False	True
Windswept Heath	49	0.78	Land	False	True
Mana Vault	42	0.67	Artifact	True	False
Birds of Paradise	39	0.93	Creature	True	False
Lotus Petal	39	0.62	Artifact	True	False
Arid Mesa	33	0.52	Land	False	True
Deathrite Shaman	33	0.94	Creature	False	True
Sensei's Divining Top	33	0.52	Artifact	False	True
Fyndhorn Elves	32	0.76	Creature	True	False
Arbor Elf	32	0.76	Creature	False	True
Fellwar Stone	32	0.51	Artifact	True	False
Llanowar Elves	31	0.74	Creature	True	False
Grim Monolith	31	0.49	Artifact	True	True
Elvish Mystic	30	0.71	Creature	True	False
Mox Opal	26	0.41	Artifact	True	False
Elves of Deep Shadow	26	0.74	Creature	True	False
Necropotence	26	0.51	Enchantment	False	True
Talisman of Dominance	22	0.56	Artifact	True	False
Lion's Eye Diamond	22	0.35	Artifact	True	False
Avacyn's Pilgrim	20	0.91	Creature	True	False
Survival of the Fittest	18	0.43	Enchantment	False	True
Dimir Signet	18	0.46	Artifact	True	False
Isochron Scepter	17	0.27	Artifact	False	True
Noble Hierarch	17	1.00	Creature	True	False
Priest of Titania	16	0.38	Creature	True	False
Boreal Druid	14	0.33	Creature	True	False
Thrasios, Triton Hero	14	0.45	Creature	False	True
Bloom Tender	13	0.31	Creature	True	False
Jace, Vryn's Prodigy	12	0.26	Creature	False	True
Elvish Spirit Guide	10	0.24	Creature	True	False
Talisman of Progress	9	0.36	Artifact	True	False
Razaketh, the Foulblooded	9	0.18	Creature	False	True
Aetherflux Reservoir	8	0.13	Artifact	False	True
Sylvan Safekeeper	8	0.19	Creature	False	True
Izzet Signet	8	0.35	Artifact	True	False
Talisman of Indulgence	8	0.29	Artifact	True	False
Caustic Caterpillar	8	0.19	Creature	False	True
Auriok Salvagers	8	0.26	Creature	False	True
Wall of Roots	7	0.17	Creature	True	False
Simic Signet	7	0.23	Artifact	True	False
Horizon Canopy	7	0.32	Land	True	True
Walking Ballista	7	0.11	Artifact Creature	False	True
Hope of Ghirapur	6	0.10	Artifact Creature	False	True
Narset, Parter of Veils	6	0.13	Planeswalker	False	True
Viscera Seer	6	0.12	Creature	False	True
Hermit Druid	6	0.14	Creature	False	True
Strip Mine	6	0.10	Land	True	True
Jace, Wielder of Mysteries	6	0.13	Planeswalker	False	True
Quirion Ranger	5	0.12	Creature	False	True
Prismatic Lens	5	0.08	Artifact	True	False
Azorius Signet	5	0.20	Artifact	True	False
Everflowing Chalice	5	0.08	Artifact	True	False
Apprentice Necromancer	5	0.10	Creature	False	True
Basalt Monolith	5	0.08	Artifact	True	True
Food Chain	5	0.12	Enchantment	True	False
Yisan, the Wanderer Bard	5	0.12	Creature	False	True
Mox Amber	5	0.08	Artifact	True	False
Nomads en-Kor	5	0.16	Creature	False	True
Cephalid Illusionist	5	0.11	Creature	False	True
Vexing Shusher	4	0.22	Creature	False	True
Thought Vessel	4	0.06	Artifact	True	False
Blood Pet	4	0.08	Creature	True	False
Inventors' Fair	4	0.06	Land	True	True
Fatestitcher	4	0.09	Creature	False	True
Scroll Rack	4	0.06	Artifact	False	True
Birthing Pod	4	0.10	Artifact	False	True
Voltaic Key	4	0.06	Artifact	False	True
Dack Fayden	4	0.17	Planeswalker	False	True
Simian Spirit Guide	4	0.13	Creature	True	False
Wirewood Symbiote	3	0.07	Creature	False	True
Mind Stone	3	0.05	Artifact	True	True
Buried Ruin	3	0.05	Land	True	True
Devoted Druid	3	0.07	Creature	True	True
Temur Sabertooth	3	0.07	Creature	False	True
Ashiok, Dream Render	3	0.08	Planeswalker	False	True
Blast Zone	3	0.05	Land	True	True
Nykthos, Shrine to Nyx	3	0.05	Land	True	True
Kiki-Jiki, Mirror Breaker	3	0.10	Creature	False	True
Scavenging Ooze	3	0.07	Creature	False	True
Carrion Feeder	3	0.06	Creature	False	True
Nihil Spellbomb	3	0.06	Artifact	False	True
Bazaar of Baghdad	3	0.05	Land	False	True
Orcish Lumberjack	3	0.17	Creature	True	False
Orzhov Signet	3	0.10	Artifact	True	False
Pernicious Deed	3	0.09	Enchantment	False	True
Staff of Domination	3	0.05	Artifact	False	True
Aura of Silence	3	0.10	Enchantment	False	True
Druids' Repository	2	0.05	Enchantment	True	False
Memory Jar	2	0.03	Artifact	False	True
Altar of Dementia	2	0.03	Artifact	False	True
Najeela, the Blade-Blossom	2	0.29	Creature	False	True
Spellskite	2	0.04	Artifact Creature	False	True
Siren Stormtamer	2	0.04	Creature	False	True
Mouth of Ronom	2	0.03	Land	True	True
Candelabra of Tawnos	2	0.03	Artifact	False	True
Academy Ruins	2	0.04	Land	True	True
Earthcraft	2	0.05	Enchantment	False	True
Golgari Signet	2	0.06	Artifact	True	False
Legacy's Allure	2	0.04	Enchantment	False	True
Skirge Familiar	2	0.04	Creature	True	False
Springleaf Drum	2	0.03	Artifact	True	False
Overeager Apprentice	2	0.04	Creature	True	False
Fractured Powerstone	2	0.03	Artifact	True	True
Derevi, Empyrial Tactician	2	0.12	Creature	False	True
Serum Powder	2	0.03	Artifact	True	False
Ugin, the Spirit Dragon	2	0.03	Planeswalker	False	True
Children of Korlis	2	0.06	Creature	False	True
Freed from the Real	2	0.04	Enchantment	False	True
Squandered Resources	2	0.06	Enchantment	True	False
Aether Spellbomb	2	0.04	Artifact	False	True
Tasigur, the Golden Fang	2	0.07	Creature	False	True
General Tazri	2	0.29	Creature	False	True
Shaman en-Kor	2	0.06	Creature	False	True
Lotus Bloom	2	0.03	Artifact	True	False
Metalworker	2	0.03	Artifact Creature	False	True
Codex Shredder	2	0.03	Artifact	False	True
Selvala, Heart of the Wilds	2	0.05	Creature	True	False
Hapless Researcher	2	0.04	Creature	False	True
Wild Cantor	2	0.11	Creature	True	False
Yavimaya Hollow	2	0.05	Land	True	True
Rakdos Signet	2	0.07	Artifact	True	False
Breya, Etherium Shaper	2	0.17	Artifact Creature	False	True
Emergence Zone	2	0.03	Land	True	True
Bloodthrone Vampire	2	0.04	Creature	False	True
Jeweled Amulet	2	0.03	Artifact	True	True
Goblin Bombardment	2	0.07	Enchantment	False	True
Expedition Map	2	0.03	Artifact	False	True
Scryb Ranger	2	0.05	Creature	False	True
Bolas's Citadel	2	0.04	Artifact	False	True
Warrior en-Kor	2	0.06	Creature	False	True
Thousand-Year Elixir	2	0.03	Artifact	False	True
Verity Circle	2	0.04	Enchantment	False	True
Thran Dynamo	2	0.03	Artifact	True	False
Fauna Shaman	2	0.05	Creature	False	True
Mausoleum Wanderer	1	0.02	Creature	False	True
Mistveil Plains	1	0.03	Land	True	True
Saffi Eriksdotter	1	0.05	Creature	False	True
Captain Sisay	1	0.05	Creature	False	True
Purphoros, God of the Forge	1	0.03	Enchantment Creature	False	True
Spawning Pit	1	0.02	Artifact	False	True
Sequestered Stash	1	0.02	Land	True	True
Krosan Wayfarer	1	0.02	Creature	False	True
Citanul Flute	1	0.02	Artifact	False	True
Luminarch Ascension	1	0.03	Enchantment	False	True
Somberwald Sage	1	0.02	Creature	True	False
Torch Courier	1	0.03	Creature	False	True
Goblin Sharpshooter	1	0.03	Creature	False	True
The Chain Veil	1	0.02	Artifact	False	True
Krark-Clan Ironworks	1	0.02	Artifact	True	False
Jace, the Mind Sculptor	1	0.02	Planeswalker	False	True
Noose Constrictor	1	0.02	Creature	False	True
Voyaging Satyr	1	0.02	Creature	False	True
Treasonous Ogre	1	0.03	Creature	True	False
Welding Jar	1	0.02	Artifact	False	True
Sacred Guide	1	0.03	Creature	False	True
Petrified Field	1	0.02	Land	True	True
Qasali Pridemage	1	0.05	Creature	False	True
Greater Good	1	0.02	Enchantment	False	True
Varolz, the Scar-Striped	1	0.03	Creature	False	True
Eiganjo Castle	1	0.03	Land	True	True
Hedron Crawler	1	0.02	Artifact Creature	True	False
Wirewood Lodge	1	0.02	Land	True	True
Bow of Nylea	1	0.02	Enchantment Artifact	False	True
Karametra's Acolyte	1	0.02	Creature	False	True
Homeward Path	1	0.02	Land	True	True
Beastcaller Savant	1	0.02	Creature	True	False
Chromatic Star	1	0.02	Artifact	True	False
Sky Diamond	1	0.02	Artifact	True	False
Cephalid Inkshrouder	1	0.02	Creature	False	True
Pendelhaven	1	0.02	Land	True	True
Leaden Myr	1	0.02	Artifact Creature	True	False
Daretti, Scrap Savant	1	0.03	Planeswalker	False	True
Weathered Wayfarer	1	0.03	Creature	False	True
Palinchron	1	0.02	Creature	False	True
Honor-Worn Shaku	1	0.02	Artifact	True	True
Morselhoarder	1	0.06	Creature	True	False
Golgari Grave-Troll	1	0.02	Creature	False	True
Karn, the Great Creator	1	0.02	Planeswalker	False	True
Sliver Queen	1	0.14	Creature	False	True
Scion of the Ur-Dragon	1	0.14	Creature	False	True
Insolent Neonate	1	0.03	Creature	False	True
Plague Myr	1	0.02	Artifact Creature	True	False
Kiora's Follower	1	0.03	Creature	False	True
Whirlpool Warrior	1	0.04	Creature	False	True
Garruk, Primal Hunter	1	0.02	Planeswalker	False	True
Heart Warden	1	0.02	Creature	True	True
Nezahal, Primal Tide	1	0.02	Creature	False	True
Joraga Treespeaker	1	0.02	Creature	True	False
Mishra's Bauble	1	0.02	Artifact	False	True
Urza's Bauble	1	0.02	Artifact	False	True
Goblin Welder	1	0.03	Creature	False	True
Duskwatch Recruiter	1	0.02	Creature	False	True
Xantcha, Sleeper Agent	1	0.04	Creature	False	True
Arcbound Ravager	1	0.02	Artifact Creature	False	True
Birchlore Rangers	1	0.02	Creature	True	False
Sakura-Tribe Scout	1	0.02	Creature	False	True
Talisman of Impulse	1	0.06	Artifact	True	False
Chromatic Sphere	1	0.02	Artifact	True	False
Worn Powerstone	1	0.02	Artifact	True	False
Okina, Temple to the Grandfathers	1	0.02	Land	True	True
Tinder Wall	1	0.06	Creature	True	True
Command Beacon	1	0.02	Land	True	True
Mother of Runes	1	0.03	Creature	False	True
Brass Squire	1	0.02	Artifact Creature	False	True
Arcum Dagsson	1	0.02	Creature	False	True
Minamo, School at Water's Edge	1	0.02	Land	True	True
Reassembling Skeleton	1	0.02	Creature	False	True
Niv-Mizzet, Dracogenius	1	0.04	Creature	False	True
High Market	1	0.02	Land	True	True
Phyrexian Devourer	1	0.02	Artifact Creature	False	True
Wayfarer's Bauble	1	0.02	Artifact	False	True
Ulvenwald Tracker	1	0.02	Creature	False	True
Palladium Myr	1	0.02	Artifact Creature	True	False
Sterling Grove	1	0.05	Enchantment	False	True
Gilded Lotus	1	0.02	Artifact	True	False
Blinkmoth Nexus	1	0.02	Land	True	True
Skirk Prospector	1	0.03	Creature	True	False
Gorilla Shaman	1	0.03	Creature	False	True
Guardian Idol	1	0.02	Artifact	True	True
Prossh, Skyraider of Kher	1	0.06	Creature	False	True
Blighted Bat	1	0.02	Creature	False	True
Kamahl, Fist of Krosa	1	0.02	Creature	False	True
Silver Myr	1	0.02	Artifact Creature	True	False
Dross Hopper	1	0.02	Creature	False	True
Hangarback Walker	1	0.02	Artifact Creature	False	True
Engineered Explosives	1	0.02	Artifact	False	True
Conjurer's Bauble	1	0.02	Artifact	False	True
Manakin	1	0.02	Artifact Creature	True	False
Heritage Druid	1	0.02	Creature	True	False
Astral Cornucopia	1	0.02	Artifact	False	True
Putrid Imp	1	0.02	Creature	False	True
Channeler Initiate	1	0.02	Creature	True	False
Teferi, Temporal Archmage	1	0.02	Planeswalker	False	True
Need for Speed	1	0.03	Enchantment	False	True
Mishra's Factory	1	0.02	Land	True	True
Tezzeret the Seeker	1	0.02	Planeswalker	False	True
Inkmoth Nexus	1	0.02	Land	True	True
Scavenger Grounds	1	0.02	Land	True	True
