Card	Decks	PR	Mana	Non-mana
Mana Crypt	63	1.00	True	False
Sol Ring	62	0.98	True	False
Mox Diamond	61	0.97	True	False
Chrome Mox	61	0.97	True	False
Mana Vault	42	0.67	True	False
Lotus Petal	39	0.62	True	False
Sensei's Divining Top	33	0.52	False	True
Fellwar Stone	32	0.51	True	False
Grim Monolith	31	0.49	True	True
Mox Opal	26	0.41	True	False
Talisman of Dominance	22	0.56	True	False
Lion's Eye Diamond	22	0.35	True	False
Dimir Signet	18	0.46	True	False
Isochron Scepter	17	0.27	False	True
Talisman of Progress	9	0.36	True	False
Aetherflux Reservoir	8	0.13	False	True
Izzet Signet	8	0.35	True	False
Talisman of Indulgence	8	0.29	True	False
Simic Signet	7	0.23	True	False
Walking Ballista	7	0.11	False	True
Hope of Ghirapur	6	0.10	False	True
Prismatic Lens	5	0.08	True	False
Azorius Signet	5	0.20	True	False
Everflowing Chalice	5	0.08	True	False
Basalt Monolith	5	0.08	True	True
Mox Amber	5	0.08	True	False
Thought Vessel	4	0.06	True	False
Scroll Rack	4	0.06	False	True
Birthing Pod	4	0.10	False	True
Voltaic Key	4	0.06	False	True
Mind Stone	3	0.05	True	True
Nihil Spellbomb	3	0.06	False	True
Orzhov Signet	3	0.10	True	False
Staff of Domination	3	0.05	False	True
Memory Jar	2	0.03	False	True
Altar of Dementia	2	0.03	False	True
Spellskite	2	0.04	False	True
Candelabra of Tawnos	2	0.03	False	True
Golgari Signet	2	0.06	True	False
Springleaf Drum	2	0.03	True	False
Fractured Powerstone	2	0.03	True	True
Serum Powder	2	0.03	True	False
Aether Spellbomb	2	0.04	False	True
Lotus Bloom	2	0.03	True	False
Metalworker	2	0.03	False	True
Codex Shredder	2	0.03	False	True
Rakdos Signet	2	0.07	True	False
Breya, Etherium Shaper	2	0.17	False	True
Jeweled Amulet	2	0.03	True	True
Expedition Map	2	0.03	False	True
Bolas's Citadel	2	0.04	False	True
Thousand-Year Elixir	2	0.03	False	True
Thran Dynamo	2	0.03	True	False
Spawning Pit	1	0.02	False	True
Citanul Flute	1	0.02	False	True
The Chain Veil	1	0.02	False	True
Krark-Clan Ironworks	1	0.02	True	False
Welding Jar	1	0.02	False	True
Hedron Crawler	1	0.02	True	False
Bow of Nylea	1	0.02	False	True
Chromatic Star	1	0.02	True	False
Sky Diamond	1	0.02	True	False
Leaden Myr	1	0.02	True	False
Honor-Worn Shaku	1	0.02	True	True
Plague Myr	1	0.02	True	False
Mishra's Bauble	1	0.02	False	True
Urza's Bauble	1	0.02	False	True
Arcbound Ravager	1	0.02	False	True
Talisman of Impulse	1	0.06	True	False
Chromatic Sphere	1	0.02	True	False
Worn Powerstone	1	0.02	True	False
Brass Squire	1	0.02	False	True
Phyrexian Devourer	1	0.02	False	True
Wayfarer's Bauble	1	0.02	False	True
Palladium Myr	1	0.02	True	False
Gilded Lotus	1	0.02	True	False
Guardian Idol	1	0.02	True	True
Silver Myr	1	0.02	True	False
Hangarback Walker	1	0.02	False	True
Engineered Explosives	1	0.02	False	True
Conjurer's Bauble	1	0.02	False	True
Manakin	1	0.02	True	False
Astral Cornucopia	1	0.02	False	True
