Card	Decks	P-R	Color	Mana Cost	ACC	RCC
Mana Crypt	63	1.00		0		
Sol Ring	62	0.98		1		
Mox Diamond	61	0.97		0		
Chrome Mox	61	0.97		0		
Mana Vault	42	0.67		1		
Lotus Petal	39	0.62		0		
Sensei's Divining Top	33	0.52		1		
Fellwar Stone	32	0.51		2		
Grim Monolith	31	0.49		2		
Mox Opal	26	0.41		0		
Talisman of Dominance	22	0.56	UB	2		
Lion's Eye Diamond	22	0.35		0		
Dimir Signet	18	0.46	UB	2		
Isochron Scepter	17	0.27		2		
Paradox Engine	16	0.25		5		
Grafdigger's Cage	10	0.16		1		
Talisman of Progress	9	0.36	WU	2		
Cursed Totem	9	0.14		2		
Null Rod	8	0.13		2		
Aetherflux Reservoir	8	0.13		4		
Izzet Signet	8	0.35	UR	2		
Talisman of Indulgence	8	0.29	BR	2		
Simic Signet	7	0.23	UG	2		
Walking Ballista	7	0.11		XX		
Hope of Ghirapur	6	0.10		1		
Helm of Awakening	6	0.10		2		
Prismatic Lens	5	0.08		2		
Azorius Signet	5	0.20	WU	2		
Everflowing Chalice	5	0.08		0		
Memnite	5	0.08		0		
Basalt Monolith	5	0.08		3		
Skullclamp	5	0.08		1		
Trinisphere	5	0.08		3		
Mox Amber	5	0.08		0		
Defense Grid	4	0.06		2		
Rings of Brighthearth	4	0.06		3		
Ethersworn Canonist	4	0.13	W	1W		
Thought Vessel	4	0.06		2		
Scroll Rack	4	0.06		2		
Birthing Pod	4	0.10	G	3G/P	3	
Voltaic Key	4	0.06		1		
Phyrexian Revoker	4	0.06		2		
Lightning Greaves	4	0.06		2		
Sapphire Medallion	4	0.06		2		
Sphere of Resistance	4	0.06		2		
Mind Stone	3	0.05		2		
Shield Sphere	3	0.05		0		
Nihil Spellbomb	3	0.06	B	1		
Orzhov Signet	3	0.10	WB	2		
Staff of Domination	3	0.05		3		
Ornithopter	3	0.05		0		
Vault of Whispers	2	0.04	B	0		
Spellskite	2	0.04	U	2		
Phyrexian Walker	2	0.03		0		
Candelabra of Tawnos	2	0.03		1		
Shuko	2	0.03		1		
Serum Powder	2	0.03		3		
Fractured Powerstone	2	0.03		2		
Expedition Map	2	0.03		1		
Metalworker	2	0.03		3		
Shimmer Myr	2	0.03		3		
Tangle Wire	2	0.03		3		
Altar of Dementia	2	0.03		2		
Memory Jar	2	0.03		5		
Golgari Signet	2	0.06	BG	2		
Myr Moonvessel	2	0.03		1		
Umbral Mantle	2	0.03		3		
Aether Spellbomb	2	0.04	U	1		
Springleaf Drum	2	0.03		1		
Lotus Bloom	2	0.03		0		
Rakdos Signet	2	0.07	BR	2		
Codex Shredder	2	0.03		1		
Thorn of Amethyst	2	0.03		2		
Breya, Etherium Shaper	2	0.17	WUBR	WUBR		
Winter Orb	2	0.03		2		
Thousand-Year Elixir	2	0.03		3		
Jeweled Amulet	2	0.03		0		
Jet Medallion	2	0.03		2		
Bolas's Citadel	2	0.04	B	3BBB	0	
Thran Dynamo	2	0.03		4		
The Chain Veil	1	0.02		4		
Myr Retriever	1	0.02		2		
Wingrattle Scarecrow	1	0.02		3		
Argentum Armor	1	0.02		6		
Chromatic Sphere	1	0.02		1		
Krark-Clan Ironworks	1	0.02		4		
Welding Jar	1	0.02		0		
Pithing Needle	1	0.02		1		
Darksteel Citadel	1	0.02		0		
Hedron Crawler	1	0.02		2		
Bow of Nylea	1	0.02	G	1GG		
Sky Diamond	1	0.02	U	2		
Panharmonicon	1	0.02		4		
Duplicant	1	0.02		6		
Leaden Myr	1	0.02	B	2		
Plague Myr	1	0.02		2		
Junk Diver	1	0.02		3		
Wayfarer's Bauble	1	0.02		1		
Chalice of the Void	1	0.02		XX		
Honor-Worn Shaku	1	0.02		3		
Worn Powerstone	1	0.02		3		
Lupine Prototype	1	0.02		2		
Ancestral Statue	1	0.02		4		
Arcbound Ravager	1	0.02		2		
Mishra's Bauble	1	0.02		0		
Urza's Bauble	1	0.02		0		
Guardian Idol	1	0.02		2		
Engineered Explosives	1	0.02		X		
Talisman of Impulse	1	0.06	RG	2		
Phyrexian Soulgorger	1	0.02		3		
Brass Squire	1	0.02		3		
Great Furnace	1	0.03	R	0		
Hammer of Nazahn	1	0.02		4		
Phyrexian Devourer	1	0.02		6		
Palladium Myr	1	0.02		3		
Altar of the Brood	1	0.02		1		
Gilded Lotus	1	0.02		5		
Spine of Ish Sah	1	0.02		7		
Citanul Flute	1	0.02		5		
Etherium Sculptor	1	0.02	U	1U		
Seat of the Synod	1	0.02	U	0		
Chromatic Star	1	0.02		1		
Silver Myr	1	0.02	U	2		
Hangarback Walker	1	0.02		XX		
Phyrexian Dreadnought	1	0.02		1		
Conjurer's Bauble	1	0.02		1		
Manakin	1	0.02		2		
Astral Cornucopia	1	0.02		XXX		
Spawning Pit	1	0.02		2		
Static Orb	1	0.02		3		
Helm of the Host	1	0.02		4		
Scrap Trawler	1	0.02		3		
Phyrexian Metamorph	1	0.02	U	3U/P	3	
