Card	Decks	Type	Mana Cost
Demonic Tutor	51	Sorcery	1B
Vampiric Tutor	51	Instant	B
Imperial Seal	50	Sorcery	B
Dark Confidant	39	Creature	1B
Dark Ritual	37	Instant	B
Ad Nauseam	34	Instant	3BB
Yawgmoth's Will	27	Sorcery	2B
Toxic Deluge	26	Sorcery	2B
Necropotence	26	Enchantment	BBB
Diabolic Intent	23	Sorcery	1B
Cabal Ritual	23	Instant	1B
Entomb	23	Instant	B
Tainted Pact	20	Instant	1B
Necromancy	18	Enchantment	2B
Animate Dead	18	Enchantment	1B
Reanimate	16	Sorcery	B
Demonic Consultation	15	Instant	B
Dance of the Dead	12	Enchantment	1B
Praetor's Grasp	11	Sorcery	1BB
Cabal Therapy	10	Sorcery	B
Plunge into Darkness	10	Instant	1B
Grim Tutor	9	Sorcery	1BB
Razaketh, the Foulblooded	9	Creature	5BBB
Thoughtseize	8	Sorcery	B
Dark Petition	8	Sorcery	3BB
Culling the Weak	8	Instant	B
Buried Alive	7	Sorcery	2B
Rain of Filth	7	Instant	B
Viscera Seer	6	Creature	B
Dread Return	6	Sorcery	2BB
Apprentice Necromancer	5	Creature	1B
Blood Artist	5	Creature	1B
Night's Whisper	5	Sorcery	1B
Doomsday	5	Sorcery	BBB
Shallow Grave	5	Instant	1B
Body Snatcher	4	Creature	2BB
Blood Pet	4	Creature	B
Duress	4	Sorcery	B
Phyrexian Delver	3	Creature	3BB
Slaughter Pact	3	Instant	0
Mindblade Render	3	Creature	1B
Leyline of the Void	3	Enchantment	2BB
Inquisition of Kozilek	3	Sorcery	B
Necrotic Ooze	3	Creature	2BB
Carrion Feeder	3	Creature	B
Nihil Spellbomb	3	Artifact	1
Waste Not	3	Enchantment	1B
Massacre	3	Sorcery	2BB
Zulaport Cutthroat	3	Creature	1B
Postmortem Lunge	3	Sorcery	XB/P
Exhume	3	Sorcery	1B
Sickening Dreams	2	Sorcery	1B
Damnation	2	Sorcery	2BB
Skirge Familiar	2	Creature	4B
Golgari Thug	2	Creature	1B
Kalastria Healer	2	Creature	1B
Deathmark	2	Sorcery	B
Collective Brutality	2	Sorcery	1B
Mikaeus, the Unhallowed	2	Creature	3BBB
Bloodthrone Vampire	2	Creature	1B
Bubbling Muck	2	Sorcery	B
Exsanguinate	2	Sorcery	XBB
Bolas's Citadel	2	Artifact	3BBB
Overeager Apprentice	2	Creature	2B
Hagra Diabolist	2	Creature	4B
Sidisi, Undead Vizier	2	Creature	3BB
Dimir Machinations	1	Sorcery	2B
Gray Merchant of Asphodel	1	Creature	3BB
Yahenni's Expertise	1	Sorcery	2BB
Mindslicer	1	Creature	2BB
Plaguecrafter	1	Creature	2B
Dross Hopper	1	Creature	1B
Unearth	1	Sorcery	B
Leaden Myr	1	Artifact Creature	2
Victimize	1	Sorcery	2B
Sacrifice	1	Instant	B
Contamination	1	Enchantment	2B
Songs of the Damned	1	Instant	B
Bloodchief Ascension	1	Enchantment	B
Bloodghast	1	Creature	BB
Chains of Mephistopheles	1	Enchantment	1B
Corpse Dance	1	Instant	2B
Blighted Bat	1	Creature	2B
Mausoleum Secrets	1	Instant	1B
Reassembling Skeleton	1	Creature	1B
Oppression	1	Enchantment	1BB
Goryo's Vengeance	1	Instant	1B
Footsteps of the Goryo	1	Sorcery	2B
Sign in Blood	1	Sorcery	BB
Disciple of the Vault	1	Creature	B
Mogis's Marauder	1	Creature	2B
Putrid Imp	1	Creature	B
Fleshbag Marauder	1	Creature	2B
Oblivion Crown	1	Enchantment	1B
Darkblast	1	Instant	B
Final Parting	1	Sorcery	3BB
