Card	Decks	Type	Mana Cost
Mana Crypt	63	Artifact	0
Sol Ring	62	Artifact	1
Mox Diamond	61	Artifact	0
Chrome Mox	61	Artifact	0
Mana Vault	42	Artifact	1
Lotus Petal	39	Artifact	0
Sensei's Divining Top	33	Artifact	1
Fellwar Stone	32	Artifact	2
Grim Monolith	31	Artifact	2
Mox Opal	26	Artifact	0
Lion's Eye Diamond	22	Artifact	0
Isochron Scepter	17	Artifact	2
Paradox Engine	16	Artifact	5
Grafdigger's Cage	10	Artifact	1
Cursed Totem	9	Artifact	2
Null Rod	8	Artifact	2
Aetherflux Reservoir	8	Artifact	4
Walking Ballista	7	Artifact Creature	XX
Hope of Ghirapur	6	Artifact Creature	1
Helm of Awakening	6	Artifact	2
Prismatic Lens	5	Artifact	2
Everflowing Chalice	5	Artifact	0
Memnite	5	Artifact Creature	0
Basalt Monolith	5	Artifact	3
Skullclamp	5	Artifact	1
Trinisphere	5	Artifact	3
Mox Amber	5	Artifact	0
Defense Grid	4	Artifact	2
Rings of Brighthearth	4	Artifact	3
Thought Vessel	4	Artifact	2
Eternal Scourge	4	Creature	3
Scroll Rack	4	Artifact	2
Voltaic Key	4	Artifact	1
Phyrexian Revoker	4	Artifact Creature	2
Lightning Greaves	4	Artifact	2
Sapphire Medallion	4	Artifact	2
Sphere of Resistance	4	Artifact	2
Mind Stone	3	Artifact	2
Shield Sphere	3	Artifact Creature	0
Staff of Domination	3	Artifact	3
Ornithopter	3	Artifact Creature	0
Phyrexian Walker	2	Artifact Creature	0
Candelabra of Tawnos	2	Artifact	1
Shuko	2	Artifact	1
Serum Powder	2	Artifact	3
Kozilek's Return	2	Instant	2R
Fractured Powerstone	2	Artifact	2
Ugin, the Spirit Dragon	2	Planeswalker	8
Expedition Map	2	Artifact	1
Metalworker	2	Artifact Creature	3
Shimmer Myr	2	Artifact Creature	3
Tangle Wire	2	Artifact	3
Altar of Dementia	2	Artifact	2
Memory Jar	2	Artifact	5
Myr Moonvessel	2	Artifact Creature	1
Umbral Mantle	2	Artifact	3
Springleaf Drum	2	Artifact	1
Lotus Bloom	2	Artifact	0
Codex Shredder	2	Artifact	1
Thorn of Amethyst	2	Artifact	2
Winter Orb	2	Artifact	2
Thousand-Year Elixir	2	Artifact	3
Jeweled Amulet	2	Artifact	0
Jet Medallion	2	Artifact	2
Kozilek, Butcher of Truth	2	Creature	10
Thran Dynamo	2	Artifact	4
The Chain Veil	1	Artifact	4
Myr Retriever	1	Artifact Creature	2
Wingrattle Scarecrow	1	Artifact Creature	3
Wayfarer's Bauble	1	Artifact	1
Argentum Armor	1	Artifact	6
Phyrexian Dreadnought	1	Artifact Creature	1
Chromatic Sphere	1	Artifact	1
Krark-Clan Ironworks	1	Artifact	4
Welding Jar	1	Artifact	0
Pithing Needle	1	Artifact	1
Hedron Crawler	1	Artifact Creature	2
Panharmonicon	1	Artifact	4
Plague Myr	1	Artifact Creature	2
Junk Diver	1	Artifact Creature	3
Chalice of the Void	1	Artifact	XX
Honor-Worn Shaku	1	Artifact	3
Worn Powerstone	1	Artifact	3
Lupine Prototype	1	Artifact Creature	2
Ancestral Statue	1	Artifact Creature	4
Arcbound Ravager	1	Artifact Creature	2
Mishra's Bauble	1	Artifact	0
Urza's Bauble	1	Artifact	0
Guardian Idol	1	Artifact	2
Engineered Explosives	1	Artifact	X
Thought-Knot Seer	1	Creature	3C
Phyrexian Soulgorger	1	Artifact Creature	3
Brass Squire	1	Artifact Creature	3
Hammer of Nazahn	1	Artifact	4
Phyrexian Devourer	1	Artifact Creature	6
Palladium Myr	1	Artifact Creature	3
Altar of the Brood	1	Artifact	1
Gilded Lotus	1	Artifact	5
Spine of Ish Sah	1	Artifact	7
Citanul Flute	1	Artifact	5
Chromatic Star	1	Artifact	1
Duplicant	1	Artifact Creature	6
Blisterpod	1	Creature	G
Hangarback Walker	1	Artifact Creature	XX
Conjurer's Bauble	1	Artifact	1
Manakin	1	Artifact Creature	2
Astral Cornucopia	1	Artifact	XXX
Spawning Pit	1	Artifact	2
Static Orb	1	Artifact	3
Smothering Abomination	1	Creature	2BB
Karn, the Great Creator	1	Planeswalker	4
Helm of the Host	1	Artifact	4
Scrap Trawler	1	Artifact Creature	3
