Card	Decks	P-R	Color	Mana Cost	ACC	RCC
Dark Confidant	39	0.76	B	1B		
Birds of Paradise	39	0.93	G	G		
Deathrite Shaman	33	0.94	BG	B/G		
Fyndhorn Elves	32	0.76	G	G		
Arbor Elf	32	0.76	G	G		
Llanowar Elves	31	0.74	G	G		
Elvish Mystic	30	0.71	G	G		
Elves of Deep Shadow	26	0.74	BG	G		
Gilded Drake	26	0.55	U	1U		
Notion Thief	23	0.59	UB	2UB		
Avacyn's Pilgrim	20	0.91	WG	G		
Tymna the Weaver	20	0.67	WB	1WB		
Noble Hierarch	17	1.00	WUG	G		
Priest of Titania	16	0.38	G	1G		
Laboratory Maniac	16	0.34	U	2U		
Eternal Witness	15	0.36	G	1GG		
Boreal Druid	14	0.33	G	G		
Aven Mindcensor	14	0.45	W	2W		
Thrasios, Triton Hero	14	0.45	UG	GU		
Protean Hulk	13	0.31	G	5GG		
Bloom Tender	13	0.31	G	1G		
Jace, Vryn's Prodigy	12	0.26	U	1U		
Spellseeker	12	0.26	U	2U		
Elvish Spirit Guide	10	0.24	G	2G		
Dryad Arbor	10	0.24	G	0		
Razaketh, the Foulblooded	9	0.18	B	5BBB		
Grand Abolisher	9	0.29	W	WW		
Baral, Chief of Compliance	8	0.17	U	1U		
Sylvan Safekeeper	8	0.19	G	G		
Caustic Caterpillar	8	0.19	G	G		
Runic Armasaur	8	0.19	G	1GG		
Auriok Salvagers	8	0.26	W	3W		
Narcomoeba	7	0.15	U	1U		
Wall of Roots	7	0.17	G	1G		
Walking Ballista	7	0.11		XX		
Hope of Ghirapur	6	0.10		1		
Riftsweeper	6	0.14	G	1G		
Snapcaster Mage	6	0.13	U	1U		
Leonin Relic-Warder	6	0.19	W	WW		
Hermit Druid	6	0.14	G	1G		
Viscera Seer	6	0.12	B	B		
Yisan, the Wanderer Bard	5	0.12	G	2G		
Apprentice Necromancer	5	0.10	B	1B		
Blood Artist	5	0.10	B	1B		
Consecrated Sphinx	5	0.11	U	4UU		
Linvala, Keeper of Silence	5	0.16	W	2WW		
Memnite	5	0.08		0		
Reclamation Sage	5	0.12	G	2G		
Quirion Ranger	5	0.12	G	G		
Jin-Gitaxias, Core Augur	5	0.11	U	8UU		
Cephalid Illusionist	5	0.11	U	1U		
Nomads en-Kor	5	0.16	W	W		
Eternal Scourge	4	0.06		3		
Body Snatcher	4	0.08	B	2BB		
Vexing Shusher	4	0.22	RG	R/GR/G		
Ethersworn Canonist	4	0.13	W	1W		
Vial Smasher the Fierce	4	0.14	BR	1BR		
Squee, the Immortal	4	0.13	R	1RR		
Blood Pet	4	0.08	B	B		
Fatestitcher	4	0.09	U	3U		
Phyrexian Revoker	4	0.06		2		
Eidolon of Rhetoric	4	0.13	W	2W		
Phantasmal Image	4	0.09	U	1U		
Worldgorger Dragon	4	0.13	R	3RRR		
Angel of Glory's Rise	4	0.13	W	5WW		
Magus of the Moon	4	0.13	R	2R		
Simian Spirit Guide	4	0.13	R	2R		
Phyrexian Delver	3	0.06	B	3BB		
Devoted Druid	3	0.07	G	1G		
Elesh Norn, Grand Cenobite	3	0.10	W	5WW		
Bane of Progress	3	0.07	G	4GG		
Temur Sabertooth	3	0.07	G	2GG		
Karmic Guide	3	0.10	W	3WW		
Kess, Dissident Mage	3	0.14	UBR	1UBR		
Wirewood Symbiote	3	0.07	G	G		
Necrotic Ooze	3	0.06	B	2BB		
Misthollow Griffin	3	0.06	U	2UU		
Mindblade Render	3	0.06	B	1B		
Scavenging Ooze	3	0.07	G	1G		
Seedborn Muse	3	0.07	G	3GG		
Thalia, Guardian of Thraben	3	0.10	W	1W		
Alms Collector	3	0.10	W	3W		
Kiki-Jiki, Mirror Breaker	3	0.10	R	2RRR		
Imperial Recruiter	3	0.10	R	2R		
Carrion Feeder	3	0.06	B	B		
Zur the Enchanter	3	0.12	WUB	1WUB		
Shield Sphere	3	0.05		0		
Orcish Lumberjack	3	0.17	RG	R		
Tana, the Bloodsower	3	0.17	RG	2RG		
Serra Ascendant	3	0.10	W	W		
Kraum, Ludevic's Opus	3	0.13	UR	3UR		
Ornithopter	3	0.05		0		
Zulaport Cutthroat	3	0.06	B	1B		
Cloud of Faeries	2	0.04	U	1U		
Mikaeus, the Unhallowed	2	0.04	B	3BBB		
Yidris, Maelstrom Wielder	2	0.15	UBRG	UBRG		
Najeela, the Blade-Blossom	2	0.29	WUBRG	2R		
Kataki, War's Wage	2	0.06	W	1W		
Rishkar, Peema Renegade	2	0.05	G	2G		
Academy Rector	2	0.06	W	3W		
Hushwing Gryff	2	0.06	W	2W		
Spellskite	2	0.04	U	2		
Siren Stormtamer	2	0.04	U	U		
Phyrexian Walker	2	0.03		0		
Halimar Excavator	2	0.04	U	1U		
Kraul Harpooner	2	0.05	G	1G		
Wood Elves	2	0.05	G	2G		
Skirge Familiar	2	0.04	B	4B		
Overeager Apprentice	2	0.04	B	2B		
Village Bell-Ringer	2	0.06	W	2W		
Woodland Bellower	2	0.05	G	4GG		
Derevi, Empyrial Tactician	2	0.12	WUG	GWU		
Azusa, Lost but Seeking	2	0.05	G	2G		
Somberwald Stag	2	0.05	G	3GG		
Tasigur, the Golden Fang	2	0.07	UBG	5B		B
Golgari Thug	2	0.04	B	1B		
Children of Korlis	2	0.06	W	W		
Regal Force	2	0.05	G	4GGG		
Myr Moonvessel	2	0.03		1		
General Tazri	2	0.29	WUBRG	4W		
Shaman en-Kor	2	0.06	W	1W		
Metalworker	2	0.03		3		
Manglehorn	2	0.05	G	2G		
Selvala, Heart of the Wilds	2	0.05	G	1GG		
Edric, Spymaster of Trest	2	0.06	UG	1GU		
Hapless Researcher	2	0.04	U	U		
Wild Cantor	2	0.11	RG	R/G		
Anafenza, the Foremost	2	0.10	WBG	WBG		
Kalastria Healer	2	0.04	B	1B		
Breya, Etherium Shaper	2	0.17	WUBR	WUBR		
Azra Oddsmaker	2	0.07	BR	1BR		
Bloodthrone Vampire	2	0.04	B	1B		
Scryb Ranger	2	0.05	G	1G		
Felidar Guardian	2	0.06	W	3W		
Kozilek, Butcher of Truth	2	0.03		10		
Shimmer Myr	2	0.03		3		
Warrior en-Kor	2	0.06	W	WW		
Hagra Diabolist	2	0.04	B	4B		
Sire of Insanity	2	0.07	BR	4BR		
Sidisi, Undead Vizier	2	0.04	B	3BB		
Fauna Shaman	2	0.05	G	1G		
Nezahal, Primal Tide	1	0.02	U	5UU		
Mausoleum Wanderer	1	0.02	U	U		
Deceiver Exarch	1	0.02	U	2U		
Reckless Bushwhacker	1	0.03	R	2R		1R
Vizier of the Menagerie	1	0.02	G	3G		
Phyrexian Soulgorger	1	0.02		3		
Prowling Serpopard	1	0.02	G	1GG		
Mulldrifter	1	0.02	U	4U		2U
Purphoros, God of the Forge	1	0.03	R	3R		
Melira, Sylvok Outcast	1	0.02	G	1G		
Palinchron	1	0.02	U	5UU		
Great Oak Guardian	1	0.02	G	5G		
Eladamri, Lord of Leaves	1	0.02	G	GG		
Kamahl, Fist of Krosa	1	0.02	G	4GG		
Kiri-Onna	1	0.02	U	4U		
Sparkcaster	1	0.06	RG	2RG		
Gray Merchant of Asphodel	1	0.02	B	3BB		
Treasonous Ogre	1	0.03	R	3R		
Krosan Wayfarer	1	0.02	G	G		
Lupine Prototype	1	0.02		2		
Sylvan Ranger	1	0.02	G	1G		
Tishana, Voice of Thunder	1	0.03	UG	5GU		
Gaea's Herald	1	0.02	G	1G		
Somberwald Sage	1	0.02	G	2G		
Torch Courier	1	0.03	R	R		
Kiora's Follower	1	0.03	UG	GU		
Birchlore Rangers	1	0.02	G	G		
Goblin Sharpshooter	1	0.03	R	2R		
Momir Vig, Simic Visionary	1	0.03	UG	3GU		
Mogis's Marauder	1	0.02	B	2B		
Ikra Shidiqi, the Usurper	1	0.03	BG	3BG		
Noose Constrictor	1	0.02	G	1G		
Voyaging Satyr	1	0.02	G	1G		
Body Double	1	0.02	U	4U		
Meren of Clan Nel Toth	1	0.03	BG	2BG		
Tetsuko Umezawa, Fugitive	1	0.02	U	1U		
Sacred Guide	1	0.03	W	W		
Spirit of the Labyrinth	1	0.03	W	1W		
Loyal Drake	1	0.02	U	2U		
Saffi Eriksdotter	1	0.05	WG	GW		
Qasali Pridemage	1	0.05	WG	GW		
Varolz, the Scar-Striped	1	0.03	BG	1BG		
Wingrattle Scarecrow	1	0.02		3		
Circu, Dimir Lobotomist	1	0.03	UB	2UB		
Insolent Neonate	1	0.03	R	R		
Nightveil Sprite	1	0.02	U	1U		
Hellraiser Goblin	1	0.03	R	2R		
Anger	1	0.03	R	3R		
Brass Squire	1	0.02		3		
Duskwatch Recruiter	1	0.02	G	1G		
Dire Fleet Daredevil	1	0.03	R	1R		
Generous Patron	1	0.02	G	2G		
Karametra's Acolyte	1	0.02	G	3G		
Dualcaster Mage	1	0.03	R	1RR		
Beastcaller Savant	1	0.02	G	1G		
Niv-Mizzet Reborn	1	0.14	WUBRG	WUBRG		
Cephalid Inkshrouder	1	0.02	U	2U		
Dross Hopper	1	0.02	B	1B		
Leaden Myr	1	0.02	B	2		
Weathered Wayfarer	1	0.03	W	W		
Murderous Redcap	1	0.04	BR	2B/RB/R		
Nantuko Tracer	1	0.02	G	1G		
Morselhoarder	1	0.06	RG	4R/GR/G		
Lightning Mauler	1	0.03	R	1R		
Grim Flayer	1	0.03	BG	BG		
Skirk Prospector	1	0.03	R	R		
Sliver Queen	1	0.14	WUBRG	WUBRG		
Junk Diver	1	0.02		3		
Bruse Tarl, Boorish Herder	1	0.06	WR	2RW		
Scion of the Ur-Dragon	1	0.14	WUBRG	WUBRG		
Plague Myr	1	0.02		2		
Thing in the Ice	1	0.02	U	1U		
Whirlpool Warrior	1	0.04	UR	2U		
Sun Titan	1	0.03	W	4WW		
Slithermuse	1	0.02	U	2UU		3U
Animar, Soul of Elements	1	0.07	URG	GUR		
Ancestral Statue	1	0.02		4		
Channeler Initiate	1	0.02	G	1G		
Loyal Apprentice	1	0.03	R	1R		
Pestermite	1	0.02	U	2U		
Bloodghast	1	0.02	B	BB		
Triton Shorestalker	1	0.02	U	U		
Craterhoof Behemoth	1	0.02	G	5GGG		
Goblin Welder	1	0.03	R	R		
Gudul Lurker	1	0.02	U	U		
Plaguecrafter	1	0.02	B	2B		
Xantcha, Sleeper Agent	1	0.04	BR	1BR		
Arcbound Ravager	1	0.02		2		
Ravaging Riftwurm	1	0.02	G	1GG		
Sakura-Tribe Scout	1	0.02	G	G		
Rashmi, Eternities Crafter	1	0.03	UG	2GU		
Niv-Mizzet, Dracogenius	1	0.04	UR	2UURR		
Thought-Knot Seer	1	0.02		3C		
The Mimeoplasm	1	0.04	UBG	2BGU		
Goblin Matron	1	0.03	R	2R		
Fiend Hunter	1	0.03	W	1WW		
Genesis Hydra	1	0.02	G	XGG		
Spire Tracer	1	0.02	G	G		
Sidisi, Brood Tyrant	1	0.04	UBG	1BGU		
Mother of Runes	1	0.03	W	W		
Tendershoot Dryad	1	0.02	G	4G		
Arcum Dagsson	1	0.02	U	3U		
Selvala, Explorer Returned	1	0.05	WG	1GW		
Reassembling Skeleton	1	0.02	B	1B		
Dosan the Falling Leaf	1	0.02	G	1GG		
Heart Warden	1	0.02	G	1G		
Phyrexian Devourer	1	0.02		6		
Godo, Bandit Warlord	1	0.03	R	5R		
Sheltering Ancient	1	0.02	G	1G		
Xantid Swarm	1	0.02	G	G		
Slither Blade	1	0.02	U	U		
Ulvenwald Tracker	1	0.02	G	G		
Palladium Myr	1	0.02		3		
Ravenous Slime	1	0.02	G	2G		
Hedron Crawler	1	0.02		2		
Spellstutter Sprite	1	0.02	U	1U		
Ramunap Excavator	1	0.02	G	2G		
Etherium Sculptor	1	0.02	U	1U		
Scrap Trawler	1	0.02		3		
Faerie Miscreant	1	0.02	U	U		
Disciple of the Vault	1	0.02	B	B		
Gorilla Shaman	1	0.03	R	R		
The Ur-Dragon	1	0.14	WUBRG	4WUBRG		
Golgari Grave-Troll	1	0.02	G	4G		
Duplicant	1	0.02		6		
Blisterpod	1	0.02		G		
Prossh, Skyraider of Kher	1	0.06	BRG	3BRG		
Blighted Bat	1	0.02	B	2B		
Jeleva, Nephalia's Scourge	1	0.05	UBR	1UBR		
Silver Myr	1	0.02	U	2		
Hydroid Krasis	1	0.03	UG	XGU		
The Gitrog Monster	1	0.03	BG	3BG		
Hangarback Walker	1	0.02		XX		
Mindslicer	1	0.02	B	2BB		
Goblin Bushwhacker	1	0.03	R	R		
Manakin	1	0.02		2		
Heritage Druid	1	0.02	G	G		
Looter il-Kor	1	0.02	U	1U		
Captain Sisay	1	0.05	WG	2GW		
Myr Retriever	1	0.02		2		
Bond Beetle	1	0.02	G	G		
Putrid Imp	1	0.02	B	B		
Fleshbag Marauder	1	0.02	B	2B		
Wingcrafter	1	0.02	U	U		
Joraga Treespeaker	1	0.02	G	G		
Sidisi's Faithful	1	0.02	U	U		
Beast Whisperer	1	0.02	G	2GG		
Smothering Abomination	1	0.02		2BB		
Peregrine Drake	1	0.02	U	4U		
Trinket Mage	1	0.02	U	2U		
Goblin Dark-Dwellers	1	0.03	R	3RR		
Treetop Scout	1	0.02	G	G		
Elvish Visionary	1	0.02	G	1G		
Anafenza, Kin-Tree Spirit	1	0.03	W	WW		
Phyrexian Dreadnought	1	0.02		1		
Dragon Mage	1	0.03	R	5RR		
Sygg, River Cutthroat	1	0.03	UB	U/BU/B		
Mist-Cloaked Herald	1	0.02	U	U		
Phyrexian Metamorph	1	0.02	U	3U/P	3	
Kederekt Leviathan	1	0.02	U	6UU		
Tinder Wall	1	0.06	RG	G		
Hokori, Dust Drinker	1	0.03	W	2WW		
Goblin Electromancer	1	0.04	UR	UR		
Nettle Sentinel	1	0.02	G	G		
Scryb Sprites	1	0.02	G	G		
