Card	Decks	P-R	Color	Mana Cost	ACC	RCC
Mystic Remora	45	0.96	U	U		
Carpet of Flowers	42	1.00	G	G		
Sylvan Library	39	0.93	G	1G		
Necropotence	26	0.51	B	BBB		
Wild Growth	19	0.45	G	G		
Copy Artifact	19	0.40	U	1U		
Survival of the Fittest	18	0.43	G	1G		
Animate Dead	18	0.35	B	1B		
Necromancy	18	0.35	B	2B		
Utopia Sprawl	15	0.36	G	G		
Rhystic Study	13	0.28	U	2U		
Dance of the Dead	12	0.24	B	1B		
Exploration	7	0.17	G	G		
Food Chain	5	0.12	G	2G		
Smothering Tithe	5	0.16	W	3W		
Root Maze	5	0.12	G	G		
Rest in Peace	4	0.13	W	1W		
Pattern of Rebirth	4	0.10	G	3G		
Stranglehold	4	0.13	R	3R		
Eidolon of Rhetoric	4	0.13	W	2W		
Blood Moon	4	0.13	R	2R		
Stony Silence	4	0.13	W	1W		
Pernicious Deed	3	0.09	BG	1BG		
Leyline of the Void	3	0.06	B	2BB		
Aura of Silence	3	0.10	W	1WW		
Waste Not	3	0.06	B	1B		
Grasp of Fate	3	0.10	W	1WW		
Training Grounds	3	0.06	U	U		
Back to Basics	3	0.06	U	2U		
Earthcraft	2	0.05	G	1G		
Druids' Repository	2	0.05	G	1GG		
Keen Sense	2	0.05	G	G		
Song of the Dryads	2	0.05	G	2G		
Legacy's Allure	2	0.04	U	UU		
Compost	2	0.05	G	1G		
Freed from the Real	2	0.04	U	2U		
Nature's Will	2	0.05	G	2GG		
Concordant Crossroads	2	0.05	G	G		
Goblin Bombardment	2	0.07	R	1R		
Curiosity	2	0.04	U	U		
Humility	2	0.06	W	2WW		
Squandered Resources	2	0.06	BG	BG		
Splinter Twin	2	0.07	R	2RR		
Power Artifact	2	0.04	U	UU		
Verity Circle	2	0.04	U	2U		
Rule of Law	2	0.06	W	2W		
Mirri's Guile	2	0.05	G	G		
Squirrel Nest	2	0.05	G	1GG		
Burgeoning	1	0.02	G	G		
Phyrexian Unlife	1	0.03	W	2W		
Mass Hysteria	1	0.03	R	R		
City of Solitude	1	0.02	G	2G		
Possibility Storm	1	0.03	R	3RR		
Oblivion Crown	1	0.02	B	1B		
Counterbalance	1	0.02	U	UU		
Oppression	1	0.02	B	1BB		
Stasis	1	0.02	U	1U		
Blind Obedience	1	0.03	W	1W		
Need for Speed	1	0.03	R	R		
Luminarch Ascension	1	0.03	W	1W		
Greater Good	1	0.02	G	2GG		
Sterling Grove	1	0.05	WG	GW		
Contamination	1	0.02	B	2B		
Thousand-Year Storm	1	0.04	UR	4UR		
Bloodchief Ascension	1	0.02	B	B		
Lignify	1	0.02	G	1G		
Suppression Field	1	0.03	W	1W		
Spirit of the Labyrinth	1	0.03	W	1W		
Chains of Mephistopheles	1	0.02	B	1B		
Search for Azcanta	1	0.02	U	1U		
Purphoros, God of the Forge	1	0.03	R	3R		
Intruder Alarm	1	0.02	U	2U		
Bow of Nylea	1	0.02	G	1GG		
