Card	Decks	PR	Triggered By	Type
Gilded Drake	26	0.55	Self	Creature
Animate Dead	18	0.35	Self	Enchantment
Necromancy	18	0.35	Self	Enchantment
Eternal Witness	15	0.36	Self	Creature
Dance of the Dead	12	0.24	Self	Enchantment
Spellseeker	12	0.26	Self	Creature
Riftsweeper	6	0.14	Self	Creature
Snapcaster Mage	6	0.13	Self	Creature
Leonin Relic-Warder	6	0.19	Self	Creature
Reclamation Sage	5	0.12	Self	Creature
Rest in Peace	4	0.13	Self	Enchantment
Worldgorger Dragon	4	0.13	Self	Creature
Body Snatcher	4	0.08	Self	Creature
Angel of Glory's Rise	4	0.13	Self	Creature
Imperial Recruiter	3	0.10	Self	Creature
Phyrexian Delver	3	0.06	Self	Creature
Grasp of Fate	3	0.10	Self	Enchantment
Bane of Progress	3	0.07	Self	Creature
Karmic Guide	3	0.10	Self	Creature
Cloud of Faeries	2	0.04	Self	Creature
Wood Elves	2	0.05	Self	Creature
General Tazri	2	0.29	Self	Creature
Village Bell-Ringer	2	0.06	Self	Creature
Woodland Bellower	2	0.05	Self	Creature
Kalastria Healer	2	0.04	Either-Or	Creature
Regal Force	2	0.05	Self	Creature
Somberwald Stag	2	0.05	Self	Creature
Selvala, Heart of the Wilds	2	0.05	Other	Creature
Felidar Guardian	2	0.06	Self	Creature
Manglehorn	2	0.05	Self	Creature
Hagra Diabolist	2	0.04	Either-Or	Creature
Halimar Excavator	2	0.04	Either-Or	Creature
Reckless Bushwhacker	1	0.03	Self	Creature
Mausoleum Wanderer	1	0.02	Other	Creature
Dualcaster Mage	1	0.03	Self	Creature
Goblin Matron	1	0.03	Self	Creature
Sylvan Ranger	1	0.02	Self	Creature
Mogis's Marauder	1	0.02	Self	Creature
Spellstutter Sprite	1	0.02	Self	Creature
Niv-Mizzet Reborn	1	0.14	Self	Creature
Mulldrifter	1	0.02	Self	Creature
Purphoros, God of the Forge	1	0.03	Other	Enchantment Creature
Fiend Hunter	1	0.03	Self	Creature
Palinchron	1	0.02	Self	Creature
Great Oak Guardian	1	0.02	Self	Creature
Kederekt Leviathan	1	0.02	Self	Creature
Kiri-Onna	1	0.02	Self	Creature
Sparkcaster	1	0.06	Self	Creature
Gray Merchant of Asphodel	1	0.02	Self	Creature
Bond Beetle	1	0.02	Self	Creature
Hammer of Nazahn	1	0.02	Either-Or	Artifact
Lightning Mauler	1	0.03	Either-Or	Creature
Wingcrafter	1	0.02	Either-Or	Creature
Trinket Mage	1	0.02	Self	Creature
Pestermite	1	0.02	Self	Creature
Deceiver Exarch	1	0.02	Self	Creature
Anafenza, Kin-Tree Spirit	1	0.03	Other	Creature
Bojuka Bog	1	0.02	Self	Land
Generous Patron	1	0.02	Self	Creature
Whirlpool Warrior	1	0.04	Self	Creature
Phyrexian Dreadnought	1	0.02	Self	Artifact Creature
Sun Titan	1	0.03	Self	Creature
Altar of the Brood	1	0.02	Other	Artifact
Nantuko Tracer	1	0.02	Self	Creature
Plaguecrafter	1	0.02	Self	Creature
Fleshbag Marauder	1	0.02	Self	Creature
Ancestral Statue	1	0.02	Self	Artifact Creature
Goblin Dark-Dwellers	1	0.03	Self	Creature
Elvish Visionary	1	0.02	Self	Creature
Channeler Initiate	1	0.02	Self	Creature
Spine of Ish Sah	1	0.02	Self	Artifact
Murderous Redcap	1	0.04	Self	Creature
Bloodghast	1	0.02	Other	Creature
Goblin Bushwhacker	1	0.03	Self	Creature
Faerie Miscreant	1	0.02	Self	Creature
Peregrine Drake	1	0.02	Self	Creature
Craterhoof Behemoth	1	0.02	Self	Creature
Thought-Knot Seer	1	0.02	Self	Creature
Dire Fleet Daredevil	1	0.03	Self	Creature
