Card	Decks	Type	Mana Cost
Carpet of Flowers	42	Enchantment	G
Birds of Paradise	39	Creature	G
Sylvan Library	39	Enchantment	1G
Nature's Claim	35	Instant	G
Noxious Revival	35	Instant	G/P
Fyndhorn Elves	32	Creature	G
Arbor Elf	32	Creature	G
Llanowar Elves	31	Creature	G
Elvish Mystic	30	Creature	G
Worldly Tutor	19	Instant	G
Wild Growth	19	Enchantment	G
Survival of the Fittest	18	Enchantment	1G
Priest of Titania	16	Creature	1G
Eternal Witness	15	Creature	1GG
Utopia Sprawl	15	Enchantment	G
Boreal Druid	14	Creature	G
Protean Hulk	13	Creature	5GG
Green Sun's Zenith	13	Sorcery	XG
Bloom Tender	13	Creature	1G
Crop Rotation	12	Instant	G
Summoner's Pact	10	Instant	0
Elvish Spirit Guide	10	Creature	2G
Regrowth	9	Sorcery	1G
Eldritch Evolution	8	Sorcery	1GG
Sylvan Safekeeper	8	Creature	G
Caustic Caterpillar	8	Creature	G
Runic Armasaur	8	Creature	1GG
Wall of Roots	7	Creature	1G
Exploration	7	Enchantment	G
Autumn's Veil	7	Instant	G
Riftsweeper	6	Creature	1G
Natural State	6	Instant	G
Hermit Druid	6	Creature	1G
Beast Within	6	Instant	2G
Finale of Devastation	5	Sorcery	XGG
Chord of Calling	5	Instant	XGGG
Quirion Ranger	5	Creature	G
Reclamation Sage	5	Creature	2G
Food Chain	5	Enchantment	2G
Natural Order	5	Sorcery	2GG
Yisan, the Wanderer Bard	5	Creature	2G
Root Maze	5	Enchantment	G
Sylvan Tutor	4	Sorcery	G
Birthing Pod	4	Artifact	3G/P
Pattern of Rebirth	4	Enchantment	3G
Devoted Druid	3	Creature	1G
Temur Sabertooth	3	Creature	2GG
Scavenging Ooze	3	Creature	1G
Bane of Progress	3	Creature	4GG
Seedborn Muse	3	Creature	3GG
Wirewood Symbiote	3	Creature	G
Druids' Repository	2	Enchantment	1GG
Regal Force	2	Creature	4GGG
Keen Sense	2	Enchantment	G
Rishkar, Peema Renegade	2	Creature	2G
Earthcraft	2	Enchantment	1G
Kraul Harpooner	2	Creature	1G
Wood Elves	2	Creature	2G
Weird Harvest	2	Sorcery	XGG
Nature's Will	2	Enchantment	2GG
Concordant Crossroads	2	Enchantment	G
Woodland Bellower	2	Creature	4GG
Azusa, Lost but Seeking	2	Creature	2G
Somberwald Stag	2	Creature	3GG
Mirri's Guile	2	Enchantment	G
Compost	2	Enchantment	1G
Life from the Loam	2	Sorcery	1G
Summer Bloom	2	Sorcery	1G
Manglehorn	2	Creature	2G
Selvala, Heart of the Wilds	2	Creature	1GG
Glimpse of Nature	2	Sorcery	G
Seasons Past	2	Sorcery	4GG
Song of the Dryads	2	Enchantment	2G
Scryb Ranger	2	Creature	1G
Squirrel Nest	2	Enchantment	1GG
Fauna Shaman	2	Creature	1G
Tooth and Nail	1	Sorcery	5GG
Prowling Serpopard	1	Creature	1GG
Harmonize	1	Sorcery	2GG
Great Oak Guardian	1	Creature	5G
Eladamri, Lord of Leaves	1	Creature	GG
Uncage the Menagerie	1	Sorcery	XGG
Benefactor's Draught	1	Instant	1G
Ravenous Slime	1	Creature	2G
Sylvan Ranger	1	Creature	1G
Kamahl, Fist of Krosa	1	Creature	4GG
Nature's Lore	1	Sorcery	1G
Gaea's Herald	1	Creature	1G
Greater Good	1	Enchantment	2GG
Sylvan Scrying	1	Sorcery	1G
Noose Constrictor	1	Creature	1G
Voyaging Satyr	1	Creature	1G
Tendershoot Dryad	1	Creature	4G
Gaea's Blessing	1	Sorcery	1G
Land Grant	1	Sorcery	1G
Bow of Nylea	1	Enchantment Artifact	1GG
Karametra's Acolyte	1	Creature	3G
Beastcaller Savant	1	Creature	1G
Berserk	1	Instant	G
Sheltering Ancient	1	Creature	1G
Scryb Sprites	1	Creature	G
Dosan the Falling Leaf	1	Creature	1GG
Melira, Sylvok Outcast	1	Creature	1G
Generous Patron	1	Creature	2G
Garruk, Primal Hunter	1	Planeswalker	2GGG
Channeler Initiate	1	Creature	1G
Joraga Treespeaker	1	Creature	G
Reclaim	1	Instant	G
Craterhoof Behemoth	1	Creature	5GGG
Ramunap Excavator	1	Creature	2G
Krosan Wayfarer	1	Creature	G
Duskwatch Recruiter	1	Creature	1G
Somberwald Sage	1	Creature	2G
Deglamer	1	Instant	1G
Ravaging Riftwurm	1	Creature	1GG
Nettle Sentinel	1	Creature	G
Burgeoning	1	Enchantment	G
Genesis Hydra	1	Creature	XGG
Spire Tracer	1	Creature	G
Phytoburst	1	Sorcery	1G
City of Solitude	1	Enchantment	2G
Soul's Majesty	1	Sorcery	4G
Ancient Animus	1	Instant	1G
Xantid Swarm	1	Creature	G
Ulvenwald Tracker	1	Creature	G
Life's Legacy	1	Sorcery	1G
Might of Old Krosa	1	Instant	G
Genesis Wave	1	Sorcery	XGGG
Heart Warden	1	Creature	1G
Heritage Druid	1	Creature	G
Vizier of the Menagerie	1	Creature	3G
Bond Beetle	1	Creature	G
Birchlore Rangers	1	Creature	G
Sakura-Tribe Scout	1	Creature	G
Reap	1	Instant	1G
Beast Whisperer	1	Creature	2GG
Nantuko Tracer	1	Creature	1G
Invigorate	1	Instant	2G
Three Visits	1	Sorcery	1G
Groundswell	1	Instant	G
Treetop Scout	1	Creature	G
Elvish Visionary	1	Creature	1G
Lignify	1	Enchantment	1G
Vines of Vastwood	1	Instant	G
Momentous Fall	1	Instant	2GG
Golgari Grave-Troll	1	Creature	4G
Rishkar's Expertise	1	Sorcery	4GG
