Card	Decks	P-R	Color	Mana Cost	ACC	RCC
Vampiric Tutor	51	1.00	B	B		
Mystical Tutor	46	0.98	U	U		
Brainstorm	44	0.94	U	U		
Mental Misstep	44	0.94	U	U/P	0	
Swan Song	43	0.91	U	U		
Pact of Negation	40	0.85	U	0		
Force of Will	40	0.85	U	3UU	0	
Flusterstorm	39	0.83	U	U		
Mana Drain	38	0.81	U	UU		
Dark Ritual	37	0.73	B	B		
Chain of Vapor	37	0.79	U	U		
Dispel	36	0.77	U	U		
Nature's Claim	35	0.83	G	G		
Noxious Revival	35	0.83	G	G/P	0	
Lim-Dûl's Vault	34	0.87	UB	UB		
Ad Nauseam	34	0.67	B	3BB		
Delay	34	0.72	U	1U		
Abrupt Decay	30	0.86	BG	BG		
Cyclonic Rift	30	0.64	U	1U		
Enlightened Tutor	29	0.94	W	W		
Dramatic Reversal	24	0.51	U	1U		
Cabal Ritual	23	0.45	B	1B		
Spell Pierce	23	0.49	U	U		
Silence	23	0.74	W	W		
Entomb	23	0.45	B	B		
Assassin's Trophy	22	0.63	BG	BG		
Negate	21	0.45	U	1U		
Tainted Pact	20	0.39	B	1B		
Counterspell	20	0.43	U	UU		
Worldly Tutor	19	0.45	G	G		
Pyroblast	19	0.63	R	R		
Fire Covenant	19	0.68	BR	1BR		
Swords to Plowshares	17	0.55	W	W		
Frantic Search	17	0.36	U	2U		0
Narset's Reversal	16	0.34	U	UU		
Intuition	16	0.34	U	2U		
Demonic Consultation	15	0.29	B	B		
Crop Rotation	12	0.29	G	G		
Angel's Grace	12	0.39	W	W		
Impulse	12	0.26	U	1U		
Red Elemental Blast	12	0.40	R	R		
Flash	10	0.21	U	1U		
Summoner's Pact	10	0.24	G	0		
Dovin's Veto	10	0.40	WU	WU		
Plunge into Darkness	10	0.20	B	1B		
Eladamri's Call	10	0.45	WG	GW		
Winds of Rebuke	9	0.19	U	1U		
Opt	8	0.17	U	U		
Culling the Weak	8	0.16	B	B		
Autumn's Veil	7	0.17	G	G		
High Tide	7	0.15	U	U		
Rain of Filth	7	0.14	B	B		
Dig Through Time	6	0.13	U	6UU		UU
Natural State	6	0.14	G	G		
Beast Within	6	0.14	G	2G		
Fact or Fiction	6	0.13	U	3U		
Chord of Calling	5	0.12	G	XGGG		0
Shallow Grave	5	0.10	B	1B		
Reality Shift	5	0.11	U	1U		
Into the Roil	5	0.11	U	1U		
Pongify	5	0.11	U	U		
Memory's Journey	5	0.11	U	1U		
Muddle the Mixture	5	0.11	U	UU		
Mana Leak	4	0.09	U	1U		
Whir of Invention	4	0.09	U	XUUU		XUUU
Seething Song	4	0.13	R	2R		
Gush	4	0.09	U	4U	0	
Abrade	4	0.13	R	1R		
Snap	4	0.09	U	1U		0
Wear // Tear	3	0.19	WR	1R // W		
Izzet Charm	3	0.13	UR	UR		
Slaughter Pact	3	0.06	B	0		
Stroke of Genius	3	0.06	U	X2U		
Pull from Tomorrow	3	0.06	U	XUU		
Manamorphose	3	0.17	RG	1R/G		
Misdirection	3	0.06	U	3UU	0	
Rapid Hybridization	3	0.06	U	U		
Hurkyl's Recall	3	0.06	U	1U		
Path to Exile	2	0.06	W	W		
Kozilek's Return	2	0.03		2R		
Stifle	2	0.04	U	U		
Chaos Warp	2	0.07	R	2R		
Final Fortune	2	0.07	R	RR		
Flash of Insight	2	0.04	U	X1U		
Remand	2	0.04	U	1U		
Guttural Response	2	0.11	RG	R/G		
Submerge	2	0.04	U	4U		
Blue Sun's Zenith	2	0.04	U	XUUU		
Obsessive Search	2	0.04	U	U		U
Sleight of Mind	1	0.02	U	U		
Dimir Charm	1	0.03	UB	UB		
Thought Scour	1	0.02	U	U		
Lightning Bolt	1	0.03	R	R		
Vines of Vastwood	1	0.02	G	G		
Mission Briefing	1	0.02	U	UU		
Mogg Salvage	1	0.03	R	2R		
Thirst for Knowledge	1	0.02	U	2U		
Predict	1	0.02	U	1U		
Mana Tithe	1	0.03	W	W		
Sacrifice	1	0.02	B	B		
Mind Bend	1	0.02	U	U		
Unified Will	1	0.02	U	1U		
Thunderclap	1	0.03	R	2R	0	
Songs of the Damned	1	0.02	B	B		
Benefactor's Draught	1	0.02	G	1G		
Rending Volley	1	0.03	R	R		
Berserk	1	0.02	G	G		
Unwind	1	0.02	U	2U		0
Corpse Dance	1	0.02	B	2B		
Mystic Confluence	1	0.02	U	3UU		
Deglamer	1	0.02	G	1G		
Rebuild	1	0.02	U	2U		
Mausoleum Secrets	1	0.02	B	1B		
Turnabout	1	0.02	U	2UU		
Reclaim	1	0.02	G	G		
Ancient Animus	1	0.02	G	1G		
Ricochet Trap	1	0.03	R	3R	R	
Goryo's Vengeance	1	0.02	B	1B		
Zealous Persecution	1	0.03	WB	WB		
Might of Old Krosa	1	0.02	G	G		
Unsubstantiate	1	0.02	U	1U		
Nexus of Fate	1	0.02	U	5UU		
Magnetic Theft	1	0.03	R	R		
Spectral Shift	1	0.02	U	1U		
Quicken	1	0.02	U	U		
Shadow of Doubt	1	0.03	UB	U/BU/B		
Daze	1	0.02	U	1U	0	
Alter Reality	1	0.02	U	1U		
Reap	1	0.02	G	1G		
Glamerdye	1	0.02	U	1U		
Pull from Eternity	1	0.03	W	W		
Divergent Transformations	1	0.03	R	6R		
Invigorate	1	0.02	G	2G	0	
Anticipate	1	0.02	U	1U		
Groundswell	1	0.02	G	G		
Pulse of the Grid	1	0.02	U	1UU		
Stubborn Denial	1	0.02	U	U		
Whim of Volrath	1	0.02	U	U		
Prohibit	1	0.02	U	1U		
Momentous Fall	1	0.02	G	2GG		
Darkblast	1	0.02	B	B		
