Keyword	Total Count	Unique Count	Cards
Flying	171	44	Birds of Paradise, Narcomoeba, Razaketh, the Foulblooded, Angel of Glory's Rise, Hope of Ghirapur, Consecrated Sphinx, Gilded Drake, Karmic Guide, Aven Mindcensor, Linvala, Keeper of Silence, Ornithopter, Worldgorger Dragon, Zur the Enchanter, Mausoleum Wanderer, Cloud of Faeries, Siren Stormtamer, Nightveil Sprite, Scryb Sprites, Spellstutter Sprite, Faerie Miscreant, Niv-Mizzet Reborn, Misthollow Griffin, Hydroid Krasis, Xantid Swarm, Prossh, Skyraider of Kher, Smothering Abomination, Skirge Familiar, Kess, Dissident Mage, Pestermite, Mulldrifter, Loyal Drake, Peregrine Drake, Palinchron, Jeleva, Nephalia's Scourge, Kraum, Ludevic's Opus, Scryb Ranger, Derevi, Empyrial Tactician, Junk Diver, Hushwing Gryff, Blighted Bat, The Ur-Dragon, Scion of the Ur-Dragon, Niv-Mizzet, Dracogenius, Dragon Mage
Flash	65	15	Notion Thief, Snapcaster Mage, Aven Mindcensor, Village Bell-Ringer, Alms Collector, Spellstutter Sprite, Oblivion Crown, Deceiver Exarch, Pestermite, Jin-Gitaxias, Core Augur, Dualcaster Mage, Scryb Ranger, Shimmer Myr, Hushwing Gryff, Great Oak Guardian
Flashback	33	8	Cabal Therapy, Dread Return, Deep Analysis, Memory's Journey, Faithless Looting, Past in Flames, Alter Reality, Flash of Insight
Trample	22	8	Razaketh, the Foulblooded, Tana, the Bloodsower, Worldgorger Dragon, Yidris, Maelstrom Wielder, Hydroid Krasis, Sheltering Ancient, Phyrexian Dreadnought, Grim Flayer
Haste	12	8	Torch Courier, Anger, Kiki-Jiki, Mirror Breaker, Reckless Bushwhacker, Beastcaller Savant, Kraum, Ludevic's Opus, Loyal Apprentice, Craterhoof Behemoth
Equip	16	7	Shuko, Lightning Greaves, Skullclamp, Helm of the Host, Hammer of Nazahn, Argentum Armor, Umbral Mantle
Partner	46	7	Tymna the Weaver, Thrasios, Triton Hero, Vial Smasher the Fierce, Ikra Shidiqi, the Usurper, Tana, the Bloodsower, Kraum, Ludevic's Opus, Bruse Tarl, Boorish Herder
Cycling	8	6	Cloud of Faeries, Sweltering Suns, Unearth, Rebuild, Barren Moor, Tranquil Thicket
Kicker	9	5	Into the Roil, Goblin Bushwhacker, Prohibit, Vines of Vastwood, Ravaging Riftwurm
Dredge	7	5	Dakmor Salvage, Life from the Loam, Golgari Grave-Troll, Darkblast, Golgari Thug
Defender	12	4	Thing in the Ice, Shield Sphere, Wall of Roots, Tinder Wall
Delve	11	4	Dig Through Time, Treasure Cruise, Temporal Trespass, Tasigur, the Golden Fang
Entwine	12	3	Plunge into Darkness, Spectral Shift, Tooth and Nail
Reach	4	3	Noose Constrictor, Kraul Harpooner, Great Oak Guardian
Devoid	4	3	Kozilek's Return, Smothering Abomination, Blisterpod
Protection	6	3	Karmic Guide, Animar, Soul of Elements, Scryb Ranger
Menace	3	3	Ikra Shidiqi, the Usurper, Insolent Neonate, Goblin Dark-Dwellers
Transmute	6	2	Muddle the Mixture, Dimir Machinations
Exploit	3	2	Sidisi, Undead Vizier, Sidisi's Faithful
Unearth	5	2	Fatestitcher, Kederekt Leviathan
Cipher	2	2	Trait Doctoring, Whispering Madness
Lifelink	23	2	Tymna the Weaver, Serra Ascendant
Soulbond	2	2	Wingcrafter, Lightning Mauler
Overload	32	2	Cyclonic Rift, Vandalblast
Storm	44	2	Flusterstorm, Mind's Desire
Indestructible	2	2	Purphoros, God of the Forge, Darksteel Citadel
Vigilance	4	2	Elesh Norn, Grand Cenobite, Sun Titan
Exalted	18	2	Noble Hierarch, Qasali Pridemage
Deathtouch	3	2	Sidisi, Undead Vizier, The Gitrog Monster
Buyback	2	2	Corpse Dance, Whim of Volrath
First strike	4	2	Thalia, Guardian of Thraben, Dire Fleet Daredevil
Miracle	2	2	Devastation Tide, Temporal Mastery
Evoke	2	2	Mulldrifter, Slithermuse
Improvise	4	1	Whir of Invention
Madness	2	1	Obsessive Search
Modular	1	1	Arcbound Ravager
Ascend	1	1	Tendershoot Dryad
Level up	1	1	Joraga Treespeaker
Echo	3	1	Karmic Guide
Jump	1	1	Maximize Velocity
Annihilator	2	1	Kozilek, Butcher of Truth
Fading	2	1	Tangle Wire
Cumulative upkeep	45	1	Mystic Remora
Retrace	1	1	Glamerdye
Replicate	2	1	Shattering Spree
Sunburst	1	1	Engineered Explosives
Infect	1	1	Plague Myr
Extort	1	1	Blind Obedience
Multikicker	5	1	Everflowing Chalice
Megamorph	1	1	Gudul Lurker
Rebound	1	1	Recurring Insight
Persist	1	1	Murderous Redcap
Convoke	5	1	Chord of Calling
Splice	1	1	Goryo's Vengeance
Morph	1	1	Birchlore Rangers
Shadow	1	1	Looter il-Kor
Vanishing	1	1	Ravaging Riftwurm
Undaunted	1	1	Divergent Transformations
Split second	12	1	Angel's Grace
Prowl	1	1	Notorious Throng
Surge	1	1	Reckless Bushwhacker
Intimidate	2	1	Mikaeus, the Unhallowed
Fuse	3	1	Wear // Tear
Dethrone	1	1	Treasonous Ogre
