Card	Decks	Enters	Mana	Category	Utility
Mistveil Plains	1	Tapped	W		Nonmana Ability
Polluted Delta	57	Untapped		Fetch	Nonmana Ability Nonmana Land
Llanowar Wastes	9	Untapped	C,B,G	Pain	
Botanical Sanctum	3	Conditional	U,G	Fast	
Plateau	6	Untapped	R,W	Dual	
Boseiju, Who Shelters All	4	Tapped	C	Pain	Grants
City of Traitors	5	Untapped	C		Triggered Ability
Godless Shrine	7	Conditional	B,W	Shock	
Sequestered Stash	1	Untapped	C		Nonmana Ability
Vault of Whispers	2	Untapped	B		Multi-type: Artifact
Ebon Stronghold	2	Tapped	B	Sac	
Blooming Marsh	4	Conditional	B,G	Fast	
Temple Garden	6	Conditional	W,G	Shock	
Phyrexian Tower	7	Untapped	C,B		Sacrifice a creature
Adarkar Wastes	2	Untapped	C,U,W	Pain	
Sunken Ruins	4	Untapped	C,B,U	Filter	
Shivan Reef	2	Untapped	C,R,U	Pain	
Mouth of Ronom	2	Untapped	C		Nonmana Ability
Buried Ruin	3	Untapped	C		Nonmana Ability
Ancient Ziggurat	1	Untapped	R,B,U,G,W		
Snow-Covered Island	14	Untapped	U	Basic	
Badlands	25	Untapped	R,B	Dual	
Tropical Island	31	Untapped	U,G	Dual	
Island	23	Untapped	U	Basic	
Shadowblood Ridge	1	Untapped	R,B	Filter	
Barren Moor	1	Tapped	B	Cycling	cycling
Hallowed Fountain	10	Conditional	U,W	Shock	
Woodland Cemetery	1	Conditional	B,G	Check	
Brushland	2	Untapped	C,W,G	Pain	
Overgrown Tomb	30	Conditional	B,G	Shock	
Darksteel Citadel	1	Untapped	C		indestructible Multi-type: Artifact
Tarnished Citadel	30	Untapped	C,B,G,R,U,W	Pain	
Savannah	22	Untapped	W,G	Dual	
Steam Vents	15	Conditional	R,U	Shock	
Watery Grave	35	Conditional	B,U	Shock	
The Tabernacle at Pendrell Vale	1	Untapped			Grants Nonmana Land
Wirewood Lodge	1	Untapped	C		Nonmana Ability
Academy Ruins	2	Untapped	C		Nonmana Ability
Lake of the Dead	4	Untapped	B		Sacrifice a Swamp
Crystal Vein	4	Untapped	C	Sac	
Homeward Path	1	Untapped	C		Nonmana Ability
High Market	1	Untapped	C		Nonmana Ability
Scalding Tarn	51	Untapped		Fetch	Nonmana Ability Nonmana Land
Tranquil Thicket	1	Tapped	G	Cycling	cycling
Pendelhaven	1	Untapped	G		Nonmana Ability
Plains	4	Untapped	W	Basic	
Underground River	16	Untapped	C,B,U	Pain	
Sea of Clouds	3	Conditional	U,W	Bond	
Underground Sea	39	Untapped	B,U	Dual	
Blast Zone	3	Untapped	C		Nonmana Ability
Tundra	25	Untapped	U,W	Dual	
Arid Mesa	33	Untapped		Fetch	Nonmana Ability Nonmana Land
Petrified Field	1	Untapped	C		Nonmana Ability
Forbidden Orchard	35	Untapped	R,B,U,G,W		Triggered Ability
Thran Quarry	1	Untapped	R,B,U,G,W		Triggered Ability
Dwarven Ruins	1	Tapped	R	Sac	
Dakmor Salvage	1	Tapped	B		dredge
Fetid Heath	1	Untapped	C,B,W	Filter	
Sandstone Needle	1	Untapped	R		Remove a depletion counter from Sandstone Needle
Bloodstained Mire	50	Untapped		Fetch	Nonmana Ability Nonmana Land
Inventors' Fair	4	Untapped	C		Nonmana Ability Triggered Ability
Command Tower	54	Untapped	R,B,U,G,W		
Nykthos, Shrine to Nyx	3	Untapped	C		Nonmana Ability
Windswept Heath	49	Untapped		Fetch	Nonmana Ability Nonmana Land
Cavern of Souls	18	Untapped	C,B,G,R,U,W		Grants
Gaea's Cradle	20	Untapped	G		
Mountain	2	Untapped	R	Basic	
Command Beacon	1	Untapped	C		Nonmana Ability
Breeding Pool	30	Conditional	U,G	Shock	
Bayou	35	Untapped	B,G	Dual	
Forest	23	Untapped	G	Basic	
Great Furnace	1	Untapped	R		Multi-type: Artifact
Cephalid Coliseum	7	Untapped	U	Threshold	threshold
Verdant Catacombs	55	Untapped		Fetch	Nonmana Ability Nonmana Land
Mana Confluence	50	Untapped	R,B,U,G,W	Pain	
Okina, Temple to the Grandfathers	1	Untapped	G		Nonmana Ability
Spire Garden	1	Conditional	R,G	Bond	
Minamo, School at Water's Edge	1	Untapped	U		Nonmana Ability
Urborg, Tomb of Yawgmoth	15	Untapped	B		Grants
Bojuka Bog	1	Tapped	B		Triggered Ability
Ancient Tomb	41	Untapped	C	Pain	
Flooded Grove	3	Untapped	C,U,G	Filter	
Wooded Foothills	50	Untapped		Fetch	Nonmana Ability Nonmana Land
City of Brass	50	Untapped	R,B,U,G,W	Pain	Triggered Ability
Dragonskull Summit	1	Conditional	R,B	Check	
Sacred Foundry	1	Conditional	R,W	Shock	
Blinkmoth Nexus	1	Untapped	C	Man	Nonmana Ability
Flagstones of Trokair	1	Untapped	W		Triggered Ability
Snow-Covered Swamp	8	Untapped	B	Basic	
Volcanic Island	20	Untapped	R,U	Dual	
Strip Mine	6	Untapped	C	Strip	Nonmana Ability
Bazaar of Baghdad	3	Untapped			Nonmana Ability Nonmana Land
Eiganjo Castle	1	Untapped	W		Nonmana Ability
Reflecting Pool	3	Untapped	C,B,G,R,U,W		
Taiga	12	Untapped	R,G	Dual	
Grove of the Burnwillows	1	Untapped	C,R,G		
Yavimaya Hollow	2	Untapped	C		Nonmana Ability
Graven Cairns	2	Untapped	R,C,B	Filter	
Marsh Flats	50	Untapped		Fetch	Nonmana Ability Nonmana Land
Mishra's Workshop	1	Untapped	C		
Blood Crypt	6	Conditional	R,B	Shock	
Darkslick Shores	1	Conditional	B,U	Fast	
Cabal Pit	1	Untapped	B	Threshold	threshold
Dryad Arbor	10	Untapped	G		Multi-type: Creature
Snow-Covered Mountain	1	Untapped	R	Basic	
Emergence Zone	2	Untapped	C		Nonmana Ability
Gemstone Mine	9	Untapped	R,B,U,G,W		Remove a mining counter from Gemstone Mine
Horizon Canopy	7	Untapped	W,G	Pain	Nonmana Ability
Flooded Strand	53	Untapped		Fetch	Nonmana Ability Nonmana Land
Hinterland Harbor	2	Conditional	U,G	Check	
Peat Bog	2	Untapped	B		Remove a depletion counter from Peat Bog
Sulfurous Springs	1	Untapped	R,C,B	Pain	
Gemstone Caverns	35	Untapped	C		
Mishra's Factory	1	Untapped	C	Man	Nonmana Ability
Yavimaya Coast	16	Untapped	C,U,G	Pain	
Swamp	20	Untapped	B	Basic	
Inkmoth Nexus	1	Untapped	C	Man	Nonmana Ability
Scavenger Grounds	1	Untapped	C		Nonmana Ability
Cascade Bluffs	1	Untapped	C,R,U	Filter	
Morphic Pool	20	Conditional	B,U	Bond	
Stomping Ground	7	Conditional	R,G	Shock	
Luxury Suite	2	Conditional	R,B	Bond	
Seat of the Synod	1	Untapped	U		Multi-type: Artifact
Snow-Covered Forest	10	Untapped	G	Basic	
Exotic Orchard	32	Untapped	R,B,U,G,W		
Snow-Covered Plains	2	Untapped	W	Basic	
Misty Rainforest	57	Untapped		Fetch	Nonmana Ability Nonmana Land
Scrubland	25	Untapped	B,W	Dual	
Twilight Mire	4	Untapped	C,B,G	Filter	
Wooded Bastion	1	Untapped	C,W,G	Filter	
