Card	Decks	PR	Type
Mana Crypt	63	1.00	Artifact
Sol Ring	62	0.98	Artifact
Mox Diamond	61	0.97	Artifact
Chrome Mox	61	0.97	Artifact
Mana Vault	42	0.67	Artifact
Birds of Paradise	39	0.93	Creature
Lotus Petal	39	0.62	Artifact
Fyndhorn Elves	32	0.76	Creature
Fellwar Stone	32	0.51	Artifact
Llanowar Elves	31	0.74	Creature
Grim Monolith	31	0.49	Artifact
Elvish Mystic	30	0.71	Creature
Mox Opal	26	0.41	Artifact
Elves of Deep Shadow	26	0.74	Creature
Talisman of Dominance	22	0.56	Artifact
Lion's Eye Diamond	22	0.35	Artifact
Avacyn's Pilgrim	20	0.91	Creature
Dimir Signet	18	0.46	Artifact
Noble Hierarch	17	1.00	Creature
Priest of Titania	16	0.38	Creature
Boreal Druid	14	0.33	Creature
Bloom Tender	13	0.31	Creature
Elvish Spirit Guide	10	0.24	Creature
Talisman of Progress	9	0.36	Artifact
Izzet Signet	8	0.35	Artifact
Talisman of Indulgence	8	0.29	Artifact
Wall of Roots	7	0.17	Creature
Simic Signet	7	0.23	Artifact
Horizon Canopy	7	0.32	Land
Strip Mine	6	0.10	Land
Prismatic Lens	5	0.08	Artifact
Azorius Signet	5	0.20	Artifact
Everflowing Chalice	5	0.08	Artifact
Basalt Monolith	5	0.08	Artifact
Food Chain	5	0.12	Enchantment
Mox Amber	5	0.08	Artifact
Thought Vessel	4	0.06	Artifact
Blood Pet	4	0.08	Creature
Inventors' Fair	4	0.06	Land
Simian Spirit Guide	4	0.13	Creature
Mind Stone	3	0.05	Artifact
Buried Ruin	3	0.05	Land
Devoted Druid	3	0.07	Creature
Blast Zone	3	0.05	Land
Nykthos, Shrine to Nyx	3	0.05	Land
Orcish Lumberjack	3	0.17	Creature
Orzhov Signet	3	0.10	Artifact
Druids' Repository	2	0.05	Enchantment
Mouth of Ronom	2	0.03	Land
Academy Ruins	2	0.04	Land
Golgari Signet	2	0.06	Artifact
Skirge Familiar	2	0.04	Creature
Springleaf Drum	2	0.03	Artifact
Overeager Apprentice	2	0.04	Creature
Fractured Powerstone	2	0.03	Artifact
Serum Powder	2	0.03	Artifact
Squandered Resources	2	0.06	Enchantment
Lotus Bloom	2	0.03	Artifact
Selvala, Heart of the Wilds	2	0.05	Creature
Wild Cantor	2	0.11	Creature
Yavimaya Hollow	2	0.05	Land
Rakdos Signet	2	0.07	Artifact
Emergence Zone	2	0.03	Land
Jeweled Amulet	2	0.03	Artifact
Thran Dynamo	2	0.03	Artifact
Mistveil Plains	1	0.03	Land
Sequestered Stash	1	0.02	Land
Somberwald Sage	1	0.02	Creature
Krark-Clan Ironworks	1	0.02	Artifact
Treasonous Ogre	1	0.03	Creature
Petrified Field	1	0.02	Land
Eiganjo Castle	1	0.03	Land
Hedron Crawler	1	0.02	Artifact Creature
Wirewood Lodge	1	0.02	Land
Homeward Path	1	0.02	Land
Beastcaller Savant	1	0.02	Creature
Chromatic Star	1	0.02	Artifact
Sky Diamond	1	0.02	Artifact
Pendelhaven	1	0.02	Land
Leaden Myr	1	0.02	Artifact Creature
Honor-Worn Shaku	1	0.02	Artifact
Morselhoarder	1	0.06	Creature
Plague Myr	1	0.02	Artifact Creature
Heart Warden	1	0.02	Creature
Joraga Treespeaker	1	0.02	Creature
Birchlore Rangers	1	0.02	Creature
Talisman of Impulse	1	0.06	Artifact
Chromatic Sphere	1	0.02	Artifact
Worn Powerstone	1	0.02	Artifact
Okina, Temple to the Grandfathers	1	0.02	Land
Tinder Wall	1	0.06	Creature
Command Beacon	1	0.02	Land
Minamo, School at Water's Edge	1	0.02	Land
High Market	1	0.02	Land
Palladium Myr	1	0.02	Artifact Creature
Gilded Lotus	1	0.02	Artifact
Blinkmoth Nexus	1	0.02	Land
Skirk Prospector	1	0.03	Creature
Guardian Idol	1	0.02	Artifact
Silver Myr	1	0.02	Artifact Creature
Manakin	1	0.02	Artifact Creature
Heritage Druid	1	0.02	Creature
Channeler Initiate	1	0.02	Creature
Mishra's Factory	1	0.02	Land
Inkmoth Nexus	1	0.02	Land
Scavenger Grounds	1	0.02	Land
