Card	Decks	PR	Cost	CMC	Type
Force of Will	40	0.85	3UU	5	Instant
Mana Drain	38	0.81	UU	2	Instant
Ad Nauseam	34	0.67	3BB	5	Instant
Necropotence	26	0.51	BBB	3	Enchantment
Counterspell	20	0.43	UU	2	Instant
Narset's Reversal	16	0.34	UU	2	Instant
Eternal Witness	15	0.36	1GG	3	Creature
Protean Hulk	13	0.31	5GG	7	Creature
Praetor's Grasp	11	0.22	1BB	3	Sorcery
Grim Tutor	9	0.18	1BB	3	Sorcery
Grand Abolisher	9	0.29	WW	2	Creature
Razaketh, the Foulblooded	9	0.18	5BBB	8	Creature
Eldritch Evolution	8	0.19	1GG	3	Sorcery
Runic Armasaur	8	0.19	1GG	3	Creature
Dark Petition	8	0.16	3BB	5	Sorcery
Dig Through Time	6	0.13	6UU	8	Instant
Leonin Relic-Warder	6	0.19	WW	2	Creature
Narset, Parter of Veils	6	0.13	1UU	3	Planeswalker
Jace, Wielder of Mysteries	6	0.13	1UUU	4	Planeswalker
Dread Return	6	0.12	2BB	4	Sorcery
Finale of Devastation	5	0.12	XGG	2	Sorcery
Chord of Calling	5	0.12	XGGG	3	Instant
Doomsday	5	0.10	BBB	3	Sorcery
Consecrated Sphinx	5	0.11	4UU	6	Creature
Linvala, Keeper of Silence	5	0.16	2WW	4	Creature
Jin-Gitaxias, Core Augur	5	0.11	8UU	10	Creature
Natural Order	5	0.12	2GG	4	Sorcery
Mind's Desire	5	0.11	4UU	6	Sorcery
Muddle the Mixture	5	0.11	UU	2	Instant
Transmute Artifact	5	0.11	UU	2	Sorcery
Squee, the Immortal	4	0.13	1RR	3	Creature
Body Snatcher	4	0.08	2BB	4	Creature
Vexing Shusher	4	0.22	R/GR/G	2	Creature
Whir of Invention	4	0.09	XUUU	3	Instant
Worldgorger Dragon	4	0.13	3RRR	6	Creature
Angel of Glory's Rise	4	0.13	5WW	7	Creature
Phyrexian Delver	3	0.06	3BB	5	Creature
Elesh Norn, Grand Cenobite	3	0.10	5WW	7	Creature
Aura of Silence	3	0.10	1WW	3	Enchantment
Bane of Progress	3	0.07	4GG	6	Creature
Temur Sabertooth	3	0.07	2GG	4	Creature
Karmic Guide	3	0.10	3WW	5	Creature
Ashiok, Dream Render	3	0.08	1U/BU/B	3	Planeswalker
Misthollow Griffin	3	0.06	2UU	4	Creature
Leyline of the Void	3	0.06	2BB	4	Enchantment
Kiki-Jiki, Mirror Breaker	3	0.10	2RRR	5	Creature
Necrotic Ooze	3	0.06	2BB	4	Creature
Pull from Tomorrow	3	0.06	XUU	2	Instant
Grasp of Fate	3	0.10	1WW	3	Enchantment
Seedborn Muse	3	0.07	3GG	5	Creature
Massacre	3	0.06	2BB	4	Sorcery
Misdirection	3	0.06	3UU	5	Instant
Druids' Repository	2	0.05	1GG	3	Enchantment
Squirrel Nest	2	0.05	1GG	3	Enchantment
Splinter Twin	2	0.07	2RR	4	Enchantment
Damnation	2	0.04	2BB	4	Sorcery
Legacy's Allure	2	0.04	UU	2	Enchantment
Weird Harvest	2	0.05	XGG	2	Sorcery
Bonus Round	2	0.07	1RR	3	Sorcery
Woodland Bellower	2	0.05	4GG	6	Creature
Somberwald Stag	2	0.05	3GG	5	Creature
Regal Force	2	0.05	4GGG	7	Creature
Time Spiral	2	0.04	4UU	6	Sorcery
Humility	2	0.06	2WW	4	Enchantment
Final Fortune	2	0.07	RR	2	Instant
Selvala, Heart of the Wilds	2	0.05	1GG	3	Creature
Seasons Past	2	0.05	4GG	6	Sorcery
Mikaeus, the Unhallowed	2	0.04	3BBB	6	Creature
Exsanguinate	2	0.04	XBB	2	Sorcery
Sweltering Suns	2	0.07	1RR	3	Sorcery
Bolas's Citadel	2	0.04	3BBB	6	Artifact
Blue Sun's Zenith	2	0.04	XUUU	3	Instant
Nature's Will	2	0.05	2GG	4	Enchantment
Warrior en-Kor	2	0.06	WW	2	Creature
Enter the Infinite	2	0.04	8UUUU	12	Sorcery
Power Artifact	2	0.04	UU	2	Enchantment
Sidisi, Undead Vizier	2	0.04	3BB	5	Creature
Tooth and Nail	1	0.02	5GG	7	Sorcery
Prowling Serpopard	1	0.02	1GG	3	Creature
Harmonize	1	0.02	2GG	4	Sorcery
Palinchron	1	0.02	5UU	7	Creature
Eladamri, Lord of Leaves	1	0.02	GG	2	Creature
Uncage the Menagerie	1	0.02	XGG	2	Sorcery
Gray Merchant of Asphodel	1	0.02	3BB	5	Creature
Kamahl, Fist of Krosa	1	0.02	4GG	6	Creature
Greater Good	1	0.02	2GG	4	Enchantment
Finale of Promise	1	0.03	XRR	2	Sorcery
Yahenni's Expertise	1	0.02	2BB	4	Sorcery
Mindslicer	1	0.02	2BB	4	Creature
Goblin Dark-Dwellers	1	0.03	3RR	5	Creature
Mission Briefing	1	0.02	UU	2	Instant
Recurring Insight	1	0.02	4UU	6	Sorcery
Teferi, Temporal Archmage	1	0.02	4UU	6	Planeswalker
Bow of Nylea	1	0.02	1GG	3	Enchantment Artifact
Time Warp	1	0.02	3UU	5	Sorcery
Reshape	1	0.02	XUU	2	Sorcery
Sign in Blood	1	0.02	BB	2	Sorcery
Nezahal, Primal Tide	1	0.02	5UU	7	Creature
Capture of Jingzhou	1	0.02	3UU	5	Sorcery
Temporal Mastery	1	0.02	5UU	7	Sorcery
Dosan the Falling Leaf	1	0.02	1GG	3	Creature
Sun Titan	1	0.03	4WW	6	Creature
Slithermuse	1	0.02	2UU	4	Creature
Garruk, Primal Hunter	1	0.02	2GGG	5	Planeswalker
Bloodghast	1	0.02	BB	2	Creature
Craterhoof Behemoth	1	0.02	5GGG	8	Creature
Part the Waterveil	1	0.02	4UU	6	Sorcery
Mystic Confluence	1	0.02	3UU	5	Instant
Ravaging Riftwurm	1	0.02	1GG	3	Creature
Fiery Confluence	1	0.03	2RR	4	Sorcery
Niv-Mizzet, Dracogenius	1	0.04	2UURR	6	Creature
Karn's Temporal Sundering	1	0.02	4UU	6	Sorcery
Genesis Hydra	1	0.02	XGG	2	Creature
Anafenza, Kin-Tree Spirit	1	0.03	WW	2	Creature
Possibility Storm	1	0.03	3RR	5	Enchantment
Fiend Hunter	1	0.03	1WW	3	Creature
Turnabout	1	0.02	2UU	4	Instant
Oppression	1	0.02	1BB	3	Enchantment
Counterbalance	1	0.02	UU	2	Enchantment
Diminishing Returns	1	0.02	2UU	4	Sorcery
Murderous Redcap	1	0.04	2B/RB/R	4	Creature
Devastation Tide	1	0.02	3UU	5	Sorcery
Morselhoarder	1	0.06	4R/GR/G	6	Creature
Genesis Wave	1	0.02	XGGG	3	Sorcery
Nexus of Fate	1	0.02	5UU	7	Instant
Temporal Trespass	1	0.02	8UUU	11	Sorcery
Dualcaster Mage	1	0.03	1RR	3	Creature
Jace, the Mind Sculptor	1	0.02	2UU	4	Planeswalker
Shadow of Doubt	1	0.03	U/BU/B	2	Instant
Temporal Manipulation	1	0.02	3UU	5	Sorcery
Kederekt Leviathan	1	0.02	6UU	8	Creature
Beast Whisperer	1	0.02	2GG	4	Creature
Smothering Abomination	1	0.02	2BB	4	Creature
Pulse of the Grid	1	0.02	1UU	3	Instant
Tezzeret the Seeker	1	0.02	3UU	5	Planeswalker
Walk the Aeons	1	0.02	4UU	6	Sorcery
Momentous Fall	1	0.02	2GG	4	Instant
Dragon Mage	1	0.03	5RR	7	Creature
Sygg, River Cutthroat	1	0.03	U/BU/B	2	Creature
Rishkar's Expertise	1	0.02	4GG	6	Sorcery
Hokori, Dust Drinker	1	0.03	2WW	4	Creature
Final Parting	1	0.02	3BB	5	Sorcery
