Card	Decks	PR	Type
Polluted Delta	57	0.90	Land
Misty Rainforest	57	0.90	Land
Verdant Catacombs	55	0.87	Land
Flooded Strand	53	0.84	Land
Scalding Tarn	51	0.81	Land
Bloodstained Mire	50	0.79	Land
Wooded Foothills	50	0.79	Land
Marsh Flats	50	0.79	Land
Windswept Heath	49	0.78	Land
Arid Mesa	33	0.52	Land
Deathrite Shaman	33	0.94	Creature
Sensei's Divining Top	33	0.52	Artifact
Arbor Elf	32	0.76	Creature
Grim Monolith	31	0.49	Artifact
Necropotence	26	0.51	Enchantment
Survival of the Fittest	18	0.43	Enchantment
Isochron Scepter	17	0.27	Artifact
Thrasios, Triton Hero	14	0.45	Creature
Jace, Vryn's Prodigy	12	0.26	Creature
Razaketh, the Foulblooded	9	0.18	Creature
Aetherflux Reservoir	8	0.13	Artifact
Sylvan Safekeeper	8	0.19	Creature
Caustic Caterpillar	8	0.19	Creature
Auriok Salvagers	8	0.26	Creature
Horizon Canopy	7	0.32	Land
Walking Ballista	7	0.11	Artifact Creature
Hope of Ghirapur	6	0.10	Artifact Creature
Narset, Parter of Veils	6	0.13	Planeswalker
Viscera Seer	6	0.12	Creature
Hermit Druid	6	0.14	Creature
Strip Mine	6	0.10	Land
Jace, Wielder of Mysteries	6	0.13	Planeswalker
Quirion Ranger	5	0.12	Creature
Apprentice Necromancer	5	0.10	Creature
Basalt Monolith	5	0.08	Artifact
Yisan, the Wanderer Bard	5	0.12	Creature
Nomads en-Kor	5	0.16	Creature
Cephalid Illusionist	5	0.11	Creature
Vexing Shusher	4	0.22	Creature
Inventors' Fair	4	0.06	Land
Fatestitcher	4	0.09	Creature
Scroll Rack	4	0.06	Artifact
Birthing Pod	4	0.10	Artifact
Voltaic Key	4	0.06	Artifact
Dack Fayden	4	0.17	Planeswalker
Wirewood Symbiote	3	0.07	Creature
Mind Stone	3	0.05	Artifact
Buried Ruin	3	0.05	Land
Devoted Druid	3	0.07	Creature
Temur Sabertooth	3	0.07	Creature
Ashiok, Dream Render	3	0.08	Planeswalker
Blast Zone	3	0.05	Land
Nykthos, Shrine to Nyx	3	0.05	Land
Kiki-Jiki, Mirror Breaker	3	0.10	Creature
Scavenging Ooze	3	0.07	Creature
Carrion Feeder	3	0.06	Creature
Nihil Spellbomb	3	0.06	Artifact
Bazaar of Baghdad	3	0.05	Land
Pernicious Deed	3	0.09	Enchantment
Staff of Domination	3	0.05	Artifact
Aura of Silence	3	0.10	Enchantment
Memory Jar	2	0.03	Artifact
Altar of Dementia	2	0.03	Artifact
Najeela, the Blade-Blossom	2	0.29	Creature
Spellskite	2	0.04	Artifact Creature
Siren Stormtamer	2	0.04	Creature
Mouth of Ronom	2	0.03	Land
Candelabra of Tawnos	2	0.03	Artifact
Academy Ruins	2	0.04	Land
Earthcraft	2	0.05	Enchantment
Legacy's Allure	2	0.04	Enchantment
Fractured Powerstone	2	0.03	Artifact
Derevi, Empyrial Tactician	2	0.12	Creature
Ugin, the Spirit Dragon	2	0.03	Planeswalker
Children of Korlis	2	0.06	Creature
Freed from the Real	2	0.04	Enchantment
Aether Spellbomb	2	0.04	Artifact
Tasigur, the Golden Fang	2	0.07	Creature
General Tazri	2	0.29	Creature
Shaman en-Kor	2	0.06	Creature
Metalworker	2	0.03	Artifact Creature
Codex Shredder	2	0.03	Artifact
Hapless Researcher	2	0.04	Creature
Yavimaya Hollow	2	0.05	Land
Breya, Etherium Shaper	2	0.17	Artifact Creature
Emergence Zone	2	0.03	Land
Bloodthrone Vampire	2	0.04	Creature
Jeweled Amulet	2	0.03	Artifact
Goblin Bombardment	2	0.07	Enchantment
Expedition Map	2	0.03	Artifact
Scryb Ranger	2	0.05	Creature
Bolas's Citadel	2	0.04	Artifact
Warrior en-Kor	2	0.06	Creature
Thousand-Year Elixir	2	0.03	Artifact
Verity Circle	2	0.04	Enchantment
Fauna Shaman	2	0.05	Creature
Mausoleum Wanderer	1	0.02	Creature
Mistveil Plains	1	0.03	Land
Saffi Eriksdotter	1	0.05	Creature
Captain Sisay	1	0.05	Creature
Purphoros, God of the Forge	1	0.03	Enchantment Creature
Spawning Pit	1	0.02	Artifact
Sequestered Stash	1	0.02	Land
Krosan Wayfarer	1	0.02	Creature
Citanul Flute	1	0.02	Artifact
Luminarch Ascension	1	0.03	Enchantment
Torch Courier	1	0.03	Creature
Goblin Sharpshooter	1	0.03	Creature
The Chain Veil	1	0.02	Artifact
Jace, the Mind Sculptor	1	0.02	Planeswalker
Noose Constrictor	1	0.02	Creature
Voyaging Satyr	1	0.02	Creature
Welding Jar	1	0.02	Artifact
Sacred Guide	1	0.03	Creature
Petrified Field	1	0.02	Land
Qasali Pridemage	1	0.05	Creature
Greater Good	1	0.02	Enchantment
Varolz, the Scar-Striped	1	0.03	Creature
Eiganjo Castle	1	0.03	Land
Wirewood Lodge	1	0.02	Land
Bow of Nylea	1	0.02	Enchantment Artifact
Karametra's Acolyte	1	0.02	Creature
Homeward Path	1	0.02	Land
Cephalid Inkshrouder	1	0.02	Creature
Pendelhaven	1	0.02	Land
Daretti, Scrap Savant	1	0.03	Planeswalker
Weathered Wayfarer	1	0.03	Creature
Palinchron	1	0.02	Creature
Honor-Worn Shaku	1	0.02	Artifact
Golgari Grave-Troll	1	0.02	Creature
Karn, the Great Creator	1	0.02	Planeswalker
Sliver Queen	1	0.14	Creature
Scion of the Ur-Dragon	1	0.14	Creature
Insolent Neonate	1	0.03	Creature
Kiora's Follower	1	0.03	Creature
Whirlpool Warrior	1	0.04	Creature
Garruk, Primal Hunter	1	0.02	Planeswalker
Heart Warden	1	0.02	Creature
Nezahal, Primal Tide	1	0.02	Creature
Mishra's Bauble	1	0.02	Artifact
Urza's Bauble	1	0.02	Artifact
Goblin Welder	1	0.03	Creature
Duskwatch Recruiter	1	0.02	Creature
Xantcha, Sleeper Agent	1	0.04	Creature
Arcbound Ravager	1	0.02	Artifact Creature
Sakura-Tribe Scout	1	0.02	Creature
Okina, Temple to the Grandfathers	1	0.02	Land
Tinder Wall	1	0.06	Creature
Command Beacon	1	0.02	Land
Mother of Runes	1	0.03	Creature
Brass Squire	1	0.02	Artifact Creature
Arcum Dagsson	1	0.02	Creature
Minamo, School at Water's Edge	1	0.02	Land
Reassembling Skeleton	1	0.02	Creature
Niv-Mizzet, Dracogenius	1	0.04	Creature
High Market	1	0.02	Land
Phyrexian Devourer	1	0.02	Artifact Creature
Wayfarer's Bauble	1	0.02	Artifact
Ulvenwald Tracker	1	0.02	Creature
Sterling Grove	1	0.05	Enchantment
Blinkmoth Nexus	1	0.02	Land
Gorilla Shaman	1	0.03	Creature
Guardian Idol	1	0.02	Artifact
Prossh, Skyraider of Kher	1	0.06	Creature
Blighted Bat	1	0.02	Creature
Kamahl, Fist of Krosa	1	0.02	Creature
Dross Hopper	1	0.02	Creature
Hangarback Walker	1	0.02	Artifact Creature
Engineered Explosives	1	0.02	Artifact
Conjurer's Bauble	1	0.02	Artifact
Astral Cornucopia	1	0.02	Artifact
Putrid Imp	1	0.02	Creature
Teferi, Temporal Archmage	1	0.02	Planeswalker
Need for Speed	1	0.03	Enchantment
Mishra's Factory	1	0.02	Land
Tezzeret the Seeker	1	0.02	Planeswalker
Inkmoth Nexus	1	0.02	Land
Scavenger Grounds	1	0.02	Land
