Card	Decks	Type	Mana Cost
Lim-Dûl's Vault	34	Instant	UB
Deathrite Shaman	33	Creature	B/G
Abrupt Decay	30	Instant	BG
Elves of Deep Shadow	26	Creature	G
Notion Thief	23	Creature	2UB
Talisman of Dominance	22	Artifact	2
Assassin's Trophy	22	Instant	BG
Avacyn's Pilgrim	20	Creature	G
Tymna the Weaver	20	Creature	1WB
Fire Covenant	19	Instant	1BR
Dimir Signet	18	Artifact	2
Noble Hierarch	17	Creature	G
Thrasios, Triton Hero	14	Creature	GU
Dovin's Veto	10	Instant	WU
Eladamri's Call	10	Instant	GW
Talisman of Progress	9	Artifact	2
Life // Death	9	Sorcery	G // 1B
Izzet Signet	8	Artifact	2
Talisman of Indulgence	8	Artifact	2
Simic Signet	7	Artifact	2
Azorius Signet	5	Artifact	2
Vial Smasher the Fierce	4	Creature	1BR
Vexing Shusher	4	Creature	R/GR/G
Dack Fayden	4	Planeswalker	1UR
Wear // Tear	3	Instant	1R // W
Izzet Charm	3	Instant	UR
Kess, Dissident Mage	3	Creature	1UBR
Ashiok, Dream Render	3	Planeswalker	1U/BU/B
Zur the Enchanter	3	Creature	1WUB
Neoform	3	Sorcery	GU
Mnemonic Betrayal	3	Sorcery	1UB
Manamorphose	3	Instant	1R/G
Orcish Lumberjack	3	Creature	R
Tana, the Bloodsower	3	Creature	2RG
Orzhov Signet	3	Artifact	2
Kraum, Ludevic's Opus	3	Creature	3UR
Pernicious Deed	3	Enchantment	1BG
Yidris, Maelstrom Wielder	2	Creature	UBRG
Najeela, the Blade-Blossom	2	Creature	2R
Wild Cantor	2	Creature	R/G
Golgari Signet	2	Artifact	2
Derevi, Empyrial Tactician	2	Creature	GWU
Tasigur, the Golden Fang	2	Creature	5B
Squandered Resources	2	Enchantment	BG
General Tazri	2	Creature	4W
Rakdos Signet	2	Artifact	2
Edric, Spymaster of Trest	2	Creature	1GU
Anafenza, the Foremost	2	Creature	WBG
Breya, Etherium Shaper	2	Artifact Creature	WUBR
Azra Oddsmaker	2	Creature	1BR
Guttural Response	2	Instant	R/G
Sire of Insanity	2	Creature	4BR
Captain Sisay	1	Creature	2GW
Saffi Eriksdotter	1	Creature	GW
Dimir Charm	1	Instant	UB
Sparkcaster	1	Creature	2RG
Tishana, Voice of Thunder	1	Creature	5GU
Kiora's Follower	1	Creature	GU
Varolz, the Scar-Striped	1	Creature	1BG
Ikra Shidiqi, the Usurper	1	Creature	3BG
Meren of Clan Nel Toth	1	Creature	2BG
Qasali Pridemage	1	Creature	GW
Circu, Dimir Lobotomist	1	Creature	2UB
Thousand-Year Storm	1	Enchantment	4UR
Altar of Bone	1	Sorcery	GW
Niv-Mizzet Reborn	1	Creature	WUBRG
Morselhoarder	1	Creature	4R/GR/G
Grim Flayer	1	Creature	BG
Sliver Queen	1	Creature	WUBRG
Rashmi, Eternities Crafter	1	Creature	2GU
Scion of the Ur-Dragon	1	Creature	WUBRG
Whispering Madness	1	Sorcery	2UB
Whirlpool Warrior	1	Creature	2U
Animar, Soul of Elements	1	Creature	GUR
Talisman of Impulse	1	Artifact	2
The Mimeoplasm	1	Creature	2BGU
Tinder Wall	1	Creature	G
Bruse Tarl, Boorish Herder	1	Creature	2RW
Niv-Mizzet, Dracogenius	1	Creature	2UURR
Zealous Persecution	1	Instant	WB
The Ur-Dragon	1	Creature	4WUBRG
Sidisi, Brood Tyrant	1	Creature	1BGU
Prossh, Skyraider of Kher	1	Creature	3BRG
Jeleva, Nephalia's Scourge	1	Creature	1UBR
Hydroid Krasis	1	Creature	XGU
The Gitrog Monster	1	Creature	3BG
Xantcha, Sleeper Agent	1	Creature	1BR
Shadow of Doubt	1	Instant	U/BU/B
Momir Vig, Simic Visionary	1	Creature	3GU
Sterling Grove	1	Enchantment	GW
Selvala, Explorer Returned	1	Creature	1GW
Sygg, River Cutthroat	1	Creature	U/BU/B
Murderous Redcap	1	Creature	2B/RB/R
Goblin Electromancer	1	Creature	UR
