Card	Decks	Type	Mana Cost
Pyroblast	19	Instant	R
Wheel of Fortune	19	Sorcery	2R
Gamble	16	Sorcery	R
Red Elemental Blast	12	Instant	R
Rolling Earthquake	9	Sorcery	XR
Faithless Looting	5	Sorcery	R
Squee, the Immortal	4	Creature	1RR
Worldgorger Dragon	4	Creature	3RRR
Seething Song	4	Instant	2R
Stranglehold	4	Enchantment	3R
Magus of the Moon	4	Creature	2R
Simian Spirit Guide	4	Creature	2R
Blood Moon	4	Enchantment	2R
Rite of Flame	4	Sorcery	R
Abrade	4	Instant	1R
Pyroclasm	3	Sorcery	1R
By Force	3	Sorcery	XR
Kiki-Jiki, Mirror Breaker	3	Creature	2RRR
Imperial Recruiter	3	Creature	2R
Shattering Spree	2	Sorcery	R
Winds of Change	2	Sorcery	R
Burning Inquiry	2	Sorcery	R
Whipflare	2	Sorcery	1R
Twinflame	2	Sorcery	1R
Past in Flames	2	Sorcery	3R
Bonus Round	2	Sorcery	1RR
Goblin Bombardment	2	Enchantment	1R
Final Fortune	2	Instant	RR
Sweltering Suns	2	Sorcery	1RR
Chaos Warp	2	Instant	2R
Vandalblast	2	Sorcery	R
Splinter Twin	2	Enchantment	2RR
Reckless Bushwhacker	1	Creature	2R
Finale of Promise	1	Sorcery	XRR
Goblin Matron	1	Creature	2R
Dragon Mage	1	Creature	5RR
Mass Hysteria	1	Enchantment	R
Possibility Storm	1	Enchantment	3RR
Hellraiser Goblin	1	Creature	2R
Goblin Bushwhacker	1	Creature	R
Purphoros, God of the Forge	1	Enchantment Creature	3R
Infernal Plunge	1	Sorcery	R
Lightning Bolt	1	Instant	R
Goblin Sharpshooter	1	Creature	2R
Lightning Mauler	1	Creature	1R
Cathartic Reunion	1	Sorcery	1R
Wheel of Fate	1	Sorcery	0
Loyal Apprentice	1	Creature	1R
Need for Speed	1	Enchantment	R
Godo, Bandit Warlord	1	Creature	5R
Thunderclap	1	Instant	2R
Torch Courier	1	Creature	R
Daretti, Scrap Savant	1	Planeswalker	3R
Ricochet Trap	1	Instant	3R
Divergent Transformations	1	Instant	6R
Heat Shimmer	1	Sorcery	2R
Goblin Dark-Dwellers	1	Creature	3RR
Rending Volley	1	Instant	R
Skirk Prospector	1	Creature	R
Treasonous Ogre	1	Creature	3R
Goblin Welder	1	Creature	R
Mogg Salvage	1	Instant	2R
Gorilla Shaman	1	Creature	R
Dualcaster Mage	1	Creature	1RR
Maximize Velocity	1	Sorcery	R
Magnetic Theft	1	Instant	R
Tormenting Voice	1	Sorcery	1R
Insolent Neonate	1	Creature	R
Anger	1	Creature	3R
Fiery Confluence	1	Sorcery	2RR
Dire Fleet Daredevil	1	Creature	1R
