Deck	Commander(s)	Color	Avg CMC	IR	Artifact	Creature	Enchantment	Instant	Planeswalker	Sorcery	Pain	Basic	Shock	Fetch	Dual	Filter	Bond	Fast	Man	Sac	Check	Cycling	Threshold	Strip	Mana-Land	Mana-Rock	Mana-Dork	Mana-Ritual
4c Lightning Druid	Thrasios, Triton Hero & Tymna the Weaver	WUBG	1.77	0.44	10	28	6	15	0	13	4	0	3	10	6	0	0	0	0	0	0	0	0	0	19	8	9	0
4c Rashmi	Thrasios, Triton Hero & Vial Smasher the Fierce	UBRG	1.97	0.57	14	9	10	28	1	8	5	2	4	9	6	0	1	0	0	0	0	0	0	0	21	11	2	1
5c Lightning Druid	Sliver Queen	WUBRG	1.70	0.44	9	29	8	14	0	12	3	0	1	10	9	0	0	0	0	0	0	0	0	0	19	8	10	0
BUGR Paradox Scepter	Thrasios, Triton Hero & Vial Smasher the Fierce	UBRG	1.72	0.61	15	7	8	30	0	12	4	2	4	9	5	0	1	0	0	0	0	0	0	0	19	13	1	3
Bad Farm	Ikra Shidiqi, the Usurper & Tymna the Weaver	WBG	1.56	0.46	17	21	9	18	0	10	2	4	3	9	3	0	0	0	0	0	0	0	0	0	20	9	8	3
Baral Control	Baral, Chief of Compliance	U	2.19	0.64	17	5	4	33	1	9	1	25	0	4	0	0	0	0	0	0	0	0	0	0	27	10	0	1
Blood Pod	Tana, the Bloodsower & Tymna the Weaver	WBRG	2.30	0.30	9	36	12	8	0	4	5	6	3	9	6	0	0	0	0	0	0	0	0	1	24	4	7	0
Breakfast Hulk	Thrasios, Triton Hero & Tymna the Weaver	WUBG	1.72	0.55	5	23	5	26	0	12	4	0	3	9	6	0	1	1	0	0	0	0	0	0	20	6	8	0
Breya Consultation	Breya, Etherium Shaper	WUBR	1.73	0.68	17	6	2	33	1	13	4	2	3	10	5	0	1	0	0	0	0	0	0	0	19	13	0	3
Buried Alive Razaketh Sidisi	Sidisi, Undead Vizier	B	1.72	0.44	29	13	3	13	0	16	2	21	0	0	0	0	0	0	0	2	0	0	0	0	32	15	2	5
Divergent Control	Thrasios, Triton Hero & Vial Smasher the Fierce	UBRG	1.94	0.61	17	4	8	28	0	13	6	2	4	9	5	0	1	0	0	0	0	0	0	0	21	15	0	2
Doomsday Breya	Breya, Etherium Shaper	WUBR	1.88	0.61	16	9	5	28	1	14	3	0	0	10	6	0	0	1	0	0	0	0	0	0	17	14	0	3
Doomsday Yidris	Yidris, Maelstrom Wielder	UBRG	1.88	0.61	17	7	4	28	0	16	5	2	3	10	5	0	0	0	0	0	0	0	0	0	18	15	1	3
Doomsday Zur	Zur the Enchanter	WUB	1.82	0.67	16	5	4	33	0	14	3	9	2	9	3	0	0	0	0	0	0	0	0	0	19	14	0	3
E-MAN	Thrasios, Triton Hero & Tymna the Weaver	WUBG	1.86	0.61	16	12	7	28	0	9	3	2	4	10	6	0	0	0	0	0	0	0	0	0	18	12	2	2
Edric Turns	Edric, Spymaster of Trest	UG	2.11	0.41	7	33	5	17	0	12	3	9	1	7	1	1	0	0	0	0	1	0	0	0	22	6	5	1
Food Chain Niv	Niv-Mizzet Reborn	WUBRG	1.71	0.62	6	23	6	28	0	9	5	1	3	9	5	0	0	0	0	0	0	0	0	0	19	8	10	2
Food Chain Prossh	Prossh, Skyraider of Kher	BRG	1.83	0.47	10	33	7	16	0	9	3	4	3	9	3	0	0	0	0	0	0	0	0	0	19	8	11	1
Food Chain Tazri	General Tazri	WUBRG	1.69	0.62	6	22	5	28	0	11	5	1	3	9	5	0	0	0	0	0	0	0	0	0	19	8	10	2
Gitrog Dredge	The Gitrog Monster	BG	1.78	0.55	8	19	8	17	0	12	4	4	1	7	1	1	0	1	0	1	0	0	1	1	28	10	8	3
Godo Helm	Godo, Bandit Warlord	R	2.21	0.50	40	9	3	11	1	8	1	18	0	0	0	0	0	0	0	2	0	0	0	0	32	21	2	2
Grixis Consultation	Kess, Dissident Mage	UBR	1.81	0.61	14	5	5	30	1	15	6	3	2	9	3	1	1	0	0	0	0	0	1	0	21	12	0	3
Grixis Twin	Kess, Dissident Mage	UBR	2.18	0.57	11	9	5	24	1	18	6	2	3	9	3	3	2	0	0	0	0	0	1	0	23	11	0	3
HE-MAN	Thrasios, Triton Hero & Tymna the Weaver	WUBG	1.71	0.60	16	7	9	28	0	12	4	4	3	9	6	0	0	0	0	0	0	0	0	0	19	12	2	1
Harvest Animar	Animar, Soul of Elements	URG	2.10	0.36	8	42	6	11	0	6	4	2	3	9	3	0	1	1	0	0	0	0	0	0	22	5	10	0
High Tide Jace	Jace, Vryn's Prodigy	U	2.31	0.57	14	5	3	30	1	15	1	27	0	4	0	0	0	0	0	0	0	0	0	0	28	9	0	1
Honorbru Meren	Meren of Clan Nel Toth	BG	2.17	0.29	8	30	12	8	0	12	4	8	1	7	1	1	0	1	0	0	1	0	0	0	24	6	7	0
Hulkweaver	Thrasios, Triton Hero & Tymna the Weaver	WUBG	1.93	0.47	6	29	11	21	0	5	4	3	5	10	6	0	0	0	0	0	0	0	0	0	20	6	6	0
Jeleva Storm	Jeleva, Nephalia's Scourge	UBR	2.03	0.58	14	5	4	28	0	21	3	7	3	9	3	1	1	0	0	0	0	0	0	0	19	13	0	5
Kess Storm	Kess, Dissident Mage	UBR	1.86	0.60	16	6	3	29	1	17	3	9	2	9	3	0	0	0	0	0	0	0	0	0	19	13	0	3
Kraum's MANly Combo	Kraum, Ludevic's Opus & Tymna the Weaver	WUBR	1.80	0.63	17	6	5	31	2	10	4	2	3	9	6	0	1	0	0	0	0	0	0	0	20	12	0	2
Mad Farm	Bruse Tarl, Boorish Herder & Tymna the Weaver	WBR	1.56	0.46	19	19	5	16	0	16	2	4	3	9	3	1	0	0	0	0	0	0	0	1	20	12	5	6
Melt Banana	Yidris, Maelstrom Wielder	UBRG	1.64	0.54	20	8	5	18	0	21	3	0	6	10	6	0	0	0	0	0	0	0	0	0	18	18	5	4
Meta Pod	Tana, the Bloodsower & Tymna the Weaver	WBRG	2.19	0.34	10	30	14	10	0	6	5	4	4	10	6	0	0	0	0	0	0	0	0	0	22	5	7	0
Midrange Yisan	Yisan, the Wanderer Bard	G	2.32	0.24	15	34	11	5	0	4	1	21	0	4	0	0	0	0	0	0	0	0	0	1	30	5	6	0
Mimeo Reanimator Hulk	The Mimeoplasm	UBG	2.26	0.53	7	24	6	25	0	10	5	4	3	9	3	0	1	0	0	0	0	0	0	0	20	6	5	2
Momir Hackball	Momir Vig, Simic Visionary	UG	1.55	0.58	6	31	5	23	0	6	4	9	1	7	1	1	0	1	0	0	0	0	0	0	22	6	13	1
Najeela Hermit Hulk	Najeela, the Blade-Blossom	WUBRG	1.69	0.52	5	25	6	26	0	9	3	0	2	10	9	0	0	0	0	0	0	0	0	0	19	5	7	0
Najeela Tempo	Najeela, the Blade-Blossom	WUBRG	1.59	0.64	6	17	8	31	1	7	4	0	4	10	9	0	0	0	0	0	0	0	0	0	20	7	7	1
Nooze Reanimator	Thrasios, Triton Hero & Vial Smasher the Fierce	UBRG	2.03	0.50	9	21	9	19	0	13	3	3	5	10	6	0	0	0	0	0	0	0	0	0	20	8	7	3
Opus Consultation	Kraum, Ludevic's Opus & Tymna the Weaver	WUBR	1.86	0.64	15	7	5	30	1	12	5	1	2	9	5	0	2	0	0	0	0	0	1	0	21	13	0	3
Opus Thief	Kraum, Ludevic's Opus & Tymna the Weaver	WUBR	1.93	0.57	13	8	7	25	1	16	5	1	3	10	4	0	2	0	0	0	0	0	0	0	20	13	0	3
Paradox Arcum	Arcum Dagsson	U	1.93	0.56	45	22	3	18	0	4	1	14	0	4	0	0	0	0	3	0	0	0	0	0	25	15	5	1
Paradox Scepter Thrasios	Thrasios, Triton Hero & Tymna the Weaver	WUBG	1.68	0.68	13	12	5	32	0	10	5	1	2	9	5	0	1	0	0	0	0	0	0	0	19	11	6	2
Paradox Sisay	Captain Sisay	WG	2.13	0.39	20	34	7	10	0	5	2	5	1	7	1	1	0	0	0	0	0	0	0	1	23	8	8	0
Rad Farm	Thrasios, Triton Hero & Tymna the Weaver	WUBG	1.59	0.64	8	17	9	29	0	7	4	2	3	9	6	0	1	0	0	0	0	0	0	0	21	8	9	4
Rashmi Control	Rashmi, Eternities Crafter	UG	2.07	0.72	11	10	3	36	0	11	2	15	1	7	1	1	0	0	0	0	1	0	0	0	22	9	6	1
Razakats	Thrasios, Triton Hero & Tymna the Weaver	WUBG	2.09	0.53	5	27	7	20	0	11	3	3	3	9	6	0	1	0	0	0	0	0	1	0	21	6	9	2
SBT Grave Combos	Sidisi, Brood Tyrant	UBG	1.83	0.53	6	28	7	24	0	8	6	0	3	9	3	0	0	1	0	0	0	0	1	0	19	7	8	1
Sacred Hulk	Thrasios, Triton Hero & Tymna the Weaver	WUBG	1.52	0.63	5	22	6	30	1	7	6	1	3	9	5	0	1	0	0	0	0	0	0	0	20	6	10	2
Scepter Control	Tasigur, the Golden Fang	UBG	1.94	0.57	11	7	9	28	2	12	6	5	3	9	3	0	1	0	0	0	0	0	1	0	22	10	1	1
Scion Reanimator	Scion of the Ur-Dragon	WUBRG	2.24	0.53	6	23	7	21	1	12	4	1	2	10	9	0	1	0	0	0	0	0	0	0	20	7	7	2
Seasons Pastigur	Tasigur, the Golden Fang	UBG	2.20	0.51	15	12	9	23	3	8	2	3	3	9	3	2	0	0	0	0	0	2	1	1	21	10	3	1
Selvala Brostorm	Selvala, Heart of the Wilds	G	2.48	0.39	10	27	7	15	1	13	1	23	0	0	0	0	0	0	0	0	0	0	0	0	31	4	7	0
Shimmer Zur	Zur the Enchanter	WUB	1.80	0.68	22	5	3	31	0	11	3	9	3	9	3	0	0	0	0	0	0	0	0	0	20	15	0	3
Shuffle Hulk	Thrasios, Triton Hero & Tymna the Weaver	WUBG	1.79	0.49	5	27	8	23	0	8	7	0	3	9	6	0	1	0	0	0	0	0	0	0	20	5	8	0
Sidisi Ad Naus Fishbowl	Sidisi, Undead Vizier	B	1.43	0.44	41	10	2	7	0	14	2	21	0	0	0	0	0	0	0	2	0	0	0	0	32	20	3	3
T&T Hulkball	Tana, the Bloodsower & Tymna the Weaver	WBRG	1.84	0.49	8	29	7	19	0	6	4	3	3	9	6	0	0	0	0	0	0	0	0	0	22	6	8	1
Tazri Hulk	General Tazri	WUBRG	1.92	0.56	6	26	6	25	0	10	3	0	3	10	6	0	0	0	0	0	0	0	0	0	18	8	8	1
Teferi Chain Veil	Teferi, Temporal Archmage	U	2.41	0.51	17	4	8	25	4	11	1	21	0	4	0	0	0	0	0	0	0	0	0	0	26	10	0	1
Varolz Hulk	Varolz, the Scar-Striped	BG	1.73	0.42	7	26	10	17	0	13	4	8	1	7	1	1	0	1	0	0	0	0	0	0	22	7	7	3
Xantcha Combo-Control	Xantcha, Sleeper Agent	BR	2.10	0.34	17	3	9	10	0	29	4	10	1	7	1	2	1	0	0	0	1	0	0	0	25	14	0	4
Zuran Consultation	Zur the Enchanter	WUB	1.89	0.66	16	4	9	30	1	10	6	3	3	9	3	0	2	0	0	0	0	0	0	0	21	14	0	3
