Card	Decks	P-R	Color	Mana Cost	ACC	RCC
Demonic Tutor	51	1.00	B	1B		
Imperial Seal	50	0.98	B	B		
Ponder	40	0.85	U	U		
Preordain	35	0.74	U	U		
Gitaxian Probe	31	0.66	U	U/P	0	
Timetwister	30	0.64	U	2U		
Yawgmoth's Will	27	0.53	B	2B		
Windfall	26	0.55	U	2U		
Toxic Deluge	26	0.51	B	2B		
Diabolic Intent	23	0.45	B	1B		
Wheel of Fortune	19	0.63	R	2R		
Gamble	16	0.53	R	R		
Reanimate	16	0.31	B	B		
Merchant Scroll	14	0.30	U	1U		
Green Sun's Zenith	13	0.31	G	XG		
Praetor's Grasp	11	0.22	B	1BB		
Cabal Therapy	10	0.20	B	B		
Regrowth	9	0.21	G	1G		
Grim Tutor	9	0.18	B	1BB		
Life // Death	9	0.26	BG	G // 1B		
Rolling Earthquake	9	0.30	R	XR		
Eldritch Evolution	8	0.19	G	1GG		
Thoughtseize	8	0.16	B	B		
Sleight of Hand	8	0.17	U	U		
Dark Petition	8	0.16	B	3BB		
Buried Alive	7	0.14	B	2B		
Dread Return	6	0.12	B	2BB		
Faithless Looting	5	0.17	R	R		
Finale of Devastation	5	0.12	G	XGG		
Night's Whisper	5	0.10	B	1B		
Doomsday	5	0.10	B	BBB		
Natural Order	5	0.12	G	2GG		
Mind's Desire	5	0.11	U	4UU		
Transmute Artifact	5	0.11	U	UU		
Rite of Flame	4	0.13	R	R		
Chart a Course	4	0.09	U	1U		
Sylvan Tutor	4	0.10	G	G		
Duress	4	0.08	B	B		
Pyroclasm	3	0.10	R	1R		
Mnemonic Betrayal	3	0.08	UB	1UB		
Careful Study	3	0.06	U	U		
Inquisition of Kozilek	3	0.06	B	B		
Neoform	3	0.10	UG	GU		
Massacre	3	0.06	B	2BB		
By Force	3	0.10	R	XR		
Postmortem Lunge	3	0.06	B	XB/P	X	
Exhume	3	0.06	B	1B		
Shattering Spree	2	0.07	R	R		
Past in Flames	2	0.07	R	3R		
Sickening Dreams	2	0.04	B	1B		
Ancestral Vision	2	0.04	U	0		
Winds of Change	2	0.07	R	R		
Damnation	2	0.04	B	2BB		
Personal Tutor	2	0.04	U	U		
Deep Analysis	2	0.04	U	3U		
Weird Harvest	2	0.05	G	XGG		
Bonus Round	2	0.07	R	1RR		
Vandalblast	2	0.07	R	R		
Glimpse of Nature	2	0.05	G	G		
Summer Bloom	2	0.05	G	1G		
Time Spiral	2	0.04	U	4UU		0
Twinflame	2	0.07	R	1R		
Life from the Loam	2	0.05	G	1G		
Fabricate	2	0.04	U	2U		
Deathmark	2	0.04	B	B		
Manipulate Fate	2	0.04	U	1U		
Treasure Cruise	2	0.04	U	7U		U
Collective Brutality	2	0.04	B	1B		
Seasons Past	2	0.05	G	4GG		
Burning Inquiry	2	0.07	R	R		
Bubbling Muck	2	0.04	B	B		
Exsanguinate	2	0.04	B	XBB		
Sweltering Suns	2	0.07	R	1RR		
Whipflare	2	0.07	R	1R		
Foresight	2	0.04	U	1U		
Enter the Infinite	2	0.04	U	8UUUU		
Dimir Machinations	1	0.02	B	2B		
Tooth and Nail	1	0.02	G	5GG		
Manifold Insights	1	0.02	U	2U		
Harmonize	1	0.02	G	2GG		
Uncage the Menagerie	1	0.02	G	XGG		
Life's Legacy	1	0.02	G	1G		
Nature's Lore	1	0.02	G	1G		
Finale of Promise	1	0.03	R	XRR		
Yahenni's Expertise	1	0.02	B	2BB		
Serum Visions	1	0.02	U	U		
Sylvan Scrying	1	0.02	G	1G		
Phytoburst	1	0.02	G	1G		
Recurring Insight	1	0.02	U	4UU		
Urza's Ruinous Blast	1	0.03	W	4W		
Gaea's Blessing	1	0.02	G	1G		
Land Grant	1	0.02	G	1G	0	
Time Warp	1	0.02	U	3UU		
Unearth	1	0.02	B	B		
Altar of Bone	1	0.05	WG	GW		
Reshape	1	0.02	U	XUU		
Victimize	1	0.02	B	2B		
Capture of Jingzhou	1	0.02	U	3UU		
Temporal Mastery	1	0.02	U	5UU		1U
Wheel of Fate	1	0.03	R	0		
Whispering Madness	1	0.03	UB	2UB		
Part the Waterveil	1	0.02	U	4UU		
Fiery Confluence	1	0.03	R	2RR		
Karn's Temporal Sundering	1	0.02	U	4UU		
Ravages of War	1	0.03	W	3W		
Sign in Blood	1	0.02	B	BB		
Trait Doctoring	1	0.02	U	U		
Diminishing Returns	1	0.02	U	2UU		
Three Visits	1	0.02	G	1G		
Fragmentize	1	0.03	W	W		
Devastation Tide	1	0.02	U	3UU		1U
Genesis Wave	1	0.02	G	XGGG		
Temporal Trespass	1	0.02	U	8UUU		UUU
Maximize Velocity	1	0.03	R	R		
Extract	1	0.02	U	U		
Notorious Throng	1	0.02	U	3U		5U
Soul's Majesty	1	0.02	G	4G		
Infernal Plunge	1	0.03	R	R		
Temporal Manipulation	1	0.02	U	3UU		
Cathartic Reunion	1	0.03	R	1R		
Show and Tell	1	0.02	U	2U		
Footsteps of the Goryo	1	0.02	B	2B		
Heat Shimmer	1	0.03	R	2R		
Walk the Aeons	1	0.02	U	4UU		
Rishkar's Expertise	1	0.02	G	4GG		
Tormenting Voice	1	0.03	R	1R		
Armageddon	1	0.03	W	3W		
Final Parting	1	0.02	B	3BB		
