Card	Decks	PR	Type
Mystic Remora	45	0.96	Enchantment
Carpet of Flowers	42	1.00	Enchantment
Dark Confidant	39	0.76	Creature
Sylvan Library	39	0.93	Enchantment
Necropotence	26	0.51	Enchantment
Tymna the Weaver	20	0.67	Creature
Wild Growth	19	0.45	Enchantment
Paradox Engine	16	0.25	Artifact
Utopia Sprawl	15	0.36	Enchantment
Rhystic Study	13	0.28	Enchantment
Protean Hulk	13	0.31	Creature
Baral, Chief of Compliance	8	0.17	Creature
Aetherflux Reservoir	8	0.13	Artifact
Runic Armasaur	8	0.19	Creature
Narcomoeba	7	0.15	Creature
Smothering Tithe	5	0.16	Enchantment
Blood Artist	5	0.10	Creature
Consecrated Sphinx	5	0.11	Creature
Jin-Gitaxias, Core Augur	5	0.11	Creature
Skullclamp	5	0.08	Artifact
Cephalid Illusionist	5	0.11	Creature
Rings of Brighthearth	4	0.06	Artifact
Vial Smasher the Fierce	4	0.14	Creature
Eternal Scourge	4	0.06	Creature
Inventors' Fair	4	0.06	Land
Pattern of Rebirth	4	0.10	Enchantment
Mindblade Render	3	0.06	Creature
Zur the Enchanter	3	0.12	Creature
Shield Sphere	3	0.05	Artifact Creature
Nihil Spellbomb	3	0.06	Artifact
Tana, the Bloodsower	3	0.17	Creature
Kraum, Ludevic's Opus	3	0.13	Creature
Waste Not	3	0.06	Enchantment
Zulaport Cutthroat	3	0.06	Creature
Druids' Repository	2	0.05	Enchantment
Derevi, Empyrial Tactician	2	0.12	Creature
Yidris, Maelstrom Wielder	2	0.15	Creature
Najeela, the Blade-Blossom	2	0.29	Creature
Academy Rector	2	0.06	Creature
Keen Sense	2	0.05	Enchantment
Rishkar, Peema Renegade	2	0.05	Creature
Legacy's Allure	2	0.04	Enchantment
Nature's Will	2	0.05	Enchantment
Kozilek's Return	2	0.03	Instant
Curiosity	2	0.04	Enchantment
Golgari Thug	2	0.04	Creature
Glimpse of Nature	2	0.05	Sorcery
Tangle Wire	2	0.03	Artifact
Mirri's Guile	2	0.05	Enchantment
Myr Moonvessel	2	0.03	Artifact Creature
Compost	2	0.05	Enchantment
Edric, Spymaster of Trest	2	0.06	Creature
Anafenza, the Foremost	2	0.10	Creature
Breya, Etherium Shaper	2	0.17	Artifact Creature
Mikaeus, the Unhallowed	2	0.04	Creature
Azra Oddsmaker	2	0.07	Creature
Kozilek, Butcher of Truth	2	0.03	Creature
Verity Circle	2	0.04	Enchantment
Sire of Insanity	2	0.07	Creature
Sidisi, Undead Vizier	2	0.04	Creature
Nezahal, Primal Tide	1	0.02	Creature
Myr Retriever	1	0.02	Artifact Creature
Tishana, Voice of Thunder	1	0.03	Creature
Luminarch Ascension	1	0.03	Enchantment
Argentum Armor	1	0.02	Artifact
Rashmi, Eternities Crafter	1	0.03	Creature
Mindslicer	1	0.02	Creature
Possibility Storm	1	0.03	Enchantment
Goblin Sharpshooter	1	0.03	Creature
Momir Vig, Simic Visionary	1	0.03	Creature
The Chain Veil	1	0.02	Artifact
Ikra Shidiqi, the Usurper	1	0.03	Creature
Meren of Clan Nel Toth	1	0.03	Creature
Search for Azcanta	1	0.02	Enchantment
Tendershoot Dryad	1	0.02	Creature
Circu, Dimir Lobotomist	1	0.03	Creature
Gaea's Blessing	1	0.02	Sorcery
Nightveil Sprite	1	0.02	Creature
Duskwatch Recruiter	1	0.02	Creature
Thousand-Year Storm	1	0.04	Enchantment
Grim Flayer	1	0.03	Creature
Junk Diver	1	0.02	Artifact Creature
Contamination	1	0.02	Enchantment
Thing in the Ice	1	0.02	Creature
Chalice of the Void	1	0.02	Artifact
Slithermuse	1	0.02	Creature
Animar, Soul of Elements	1	0.07	Creature
Niv-Mizzet, Dracogenius	1	0.04	Creature
Nettle Sentinel	1	0.02	Creature
Burgeoning	1	0.02	Enchantment
Genesis Hydra	1	0.02	Creature
Bruse Tarl, Boorish Herder	1	0.06	Creature
Oppression	1	0.02	Enchantment
Phyrexian Devourer	1	0.02	Artifact Creature
Godo, Bandit Warlord	1	0.03	Creature
Xantid Swarm	1	0.02	Creature
Counterbalance	1	0.02	Enchantment
Flagstones of Trokair	1	0.03	Land
Disciple of the Vault	1	0.02	Creature
The Ur-Dragon	1	0.14	Creature
Sidisi, Brood Tyrant	1	0.04	Creature
Chromatic Star	1	0.02	Artifact
Blisterpod	1	0.02	Creature
Prossh, Skyraider of Kher	1	0.06	Creature
Jeleva, Nephalia's Scourge	1	0.05	Creature
Hydroid Krasis	1	0.03	Creature
The Gitrog Monster	1	0.03	Creature
Hangarback Walker	1	0.02	Artifact Creature
Looter il-Kor	1	0.02	Creature
Stasis	1	0.02	Enchantment
Sidisi's Faithful	1	0.02	Creature
Beast Whisperer	1	0.02	Creature
Smothering Abomination	1	0.02	Creature
Bloodchief Ascension	1	0.02	Enchantment
Helm of the Host	1	0.02	Artifact
Scrap Trawler	1	0.02	Artifact Creature
Dragon Mage	1	0.03	Creature
Sygg, River Cutthroat	1	0.03	Creature
Intruder Alarm	1	0.02	Enchantment
Hokori, Dust Drinker	1	0.03	Creature
