Card	CMC	Count	Decks
Sleight of Mind	1	1	Momir Hackball
Dimir Charm	2	1	Seasons Pastigur
Flash	2	9	4c Lightning Druid, 5c Lightning Druid, Breakfast Hulk, Hulkweaver, Mimeo Reanimator Hulk, Najeela Hermit Hulk, SBT Grave Combos, Shuffle Hulk, Tazri Hulk
Swords to Plowshares	1	18	Bad Farm, Blood Pod, Breya Consultation, Doomsday Breya, Doomsday Zur, E-MAN, Food Chain Tazri, HE-MAN, Hulkweaver, Kraum's MANly Combo, Mad Farm, Najeela Tempo, Opus Thief, Paradox Sisay, Shimmer Zur, T&T Hulkball, Tazri Hulk, Zuran Consultation
Thought Scour	1	1	Doomsday Breya
Opt	1	6	BUGR Paradox Scepter, Baral Control, HE-MAN, High Tide Jace, Kraum's MANly Combo, Shimmer Zur
Pyretic Ritual	2	1	Godo Helm
Winds of Rebuke	2	10	4c Rashmi, HE-MAN, Kraum's MANly Combo, Mimeo Reanimator Hulk, Momir Hackball, Nooze Reanimator, Paradox Scepter Thrasios, Razakats, Scion Reanimator, Zuran Consultation
Cabal Ritual	2	22	BUGR Paradox Scepter, Bad Farm, Breya Consultation, Buried Alive Razaketh Sidisi, Doomsday Breya, Doomsday Yidris, Doomsday Zur, Gitrog Dredge, Grixis Consultation, Grixis Twin, Jeleva Storm, Kess Storm, Mad Farm, Melt Banana, Nooze Reanimator, Opus Thief, Paradox Scepter Thrasios, Rad Farm, Shimmer Zur, Sidisi Ad Naus Fishbowl, Varolz Hulk, Zuran Consultation
Autumn's Veil	1	6	Breakfast Hulk, Food Chain Prossh, Gitrog Dredge, Selvala Brostorm, T&T Hulkball, Varolz Hulk
Mana Drain	2	34	4c Rashmi, BUGR Paradox Scepter, Baral Control, Breya Consultation, Divergent Control, Doomsday Breya, Doomsday Yidris, Doomsday Zur, E-MAN, Edric Turns, Food Chain Tazri, Grixis Consultation, Grixis Twin, HE-MAN, High Tide Jace, Jeleva Storm, Kess Storm, Kraum's MANly Combo, Melt Banana, Mimeo Reanimator Hulk, Momir Hackball, Najeela Tempo, Nooze Reanimator, Opus Thief, Paradox Arcum, Paradox Scepter Thrasios, Rashmi Control, Razakats, Scepter Control, Scion Reanimator, Seasons Pastigur, Shimmer Zur, Teferi Chain Veil, Zuran Consultation
Mana Leak	2	4	Baral Control, Momir Hackball, Paradox Arcum, Rashmi Control
Worldly Tutor	1	18	4c Lightning Druid, 5c Lightning Druid, Blood Pod, Breakfast Hulk, Gitrog Dredge, Harvest Animar, Honorbru Meren, Hulkweaver, Midrange Yisan, Mimeo Reanimator Hulk, Momir Hackball, Najeela Hermit Hulk, Paradox Sisay, SBT Grave Combos, Selvala Brostorm, Shuffle Hulk, T&T Hulkball, Varolz Hulk
Lightning Bolt	1	1	Godo Helm
Wear // Tear	3	3	Breya Consultation, Doomsday Breya, Kraum's MANly Combo
Vines of Vastwood	1	1	Selvala Brostorm
Mission Briefing	2	1	Seasons Pastigur
Chord of Calling	3	5	Harvest Animar, Midrange Yisan, Paradox Sisay, Selvala Brostorm, T&T Hulkball
Lim-Dûl's Vault	2	31	4c Lightning Druid, 4c Rashmi, 5c Lightning Druid, BUGR Paradox Scepter, Breakfast Hulk, Breya Consultation, Divergent Control, Doomsday Breya, Doomsday Yidris, Doomsday Zur, E-MAN, Food Chain Tazri, Grixis Consultation, Grixis Twin, HE-MAN, Kess Storm, Kraum's MANly Combo, Melt Banana, Najeela Hermit Hulk, Najeela Tempo, Opus Thief, Paradox Scepter Thrasios, Rad Farm, Razakats, SBT Grave Combos, Scepter Control, Seasons Pastigur, Shimmer Zur, Shuffle Hulk, Tazri Hulk, Zuran Consultation
Izzet Charm	2	3	Doomsday Breya, Grixis Twin, Scion Reanimator
Mogg Salvage	3	1	Godo Helm
Path to Exile	1	2	Paradox Sisay, T&T Hulkball
Thirst for Knowledge	3	2	Baral Control, Teferi Chain Veil
Dig Through Time	8	6	4c Rashmi, Baral Control, High Tide Jace, Paradox Arcum, Rashmi Control, Teferi Chain Veil
Whir of Invention	3	4	Baral Control, HE-MAN, Paradox Arcum, Teferi Chain Veil
Predict	2	1	Doomsday Zur
Negate	2	22	4c Rashmi, Baral Control, Breya Consultation, Divergent Control, Doomsday Zur, E-MAN, Edric Turns, Grixis Consultation, HE-MAN, High Tide Jace, Hulkweaver, Mimeo Reanimator Hulk, Momir Hackball, Najeela Tempo, Nooze Reanimator, Opus Thief, Paradox Scepter Thrasios, Rashmi Control, Scepter Control, Shimmer Zur, Teferi Chain Veil, Zuran Consultation
Pact of Negation	0	37	4c Lightning Druid, 4c Rashmi, 5c Lightning Druid, BUGR Paradox Scepter, Baral Control, Breakfast Hulk, Breya Consultation, Divergent Control, Doomsday Breya, Doomsday Zur, E-MAN, Food Chain Tazri, Grixis Consultation, Grixis Twin, HE-MAN, Harvest Animar, High Tide Jace, Kess Storm, Kraum's MANly Combo, Mimeo Reanimator Hulk, Najeela Hermit Hulk, Najeela Tempo, Nooze Reanimator, Opus Thief, Paradox Arcum, Paradox Scepter Thrasios, Rad Farm, Rashmi Control, Razakats, SBT Grave Combos, Scion Reanimator, Seasons Pastigur, Shimmer Zur, Shuffle Hulk, Tazri Hulk, Teferi Chain Veil, Zuran Consultation
Summoner's Pact	0	10	4c Lightning Druid, 5c Lightning Druid, Breakfast Hulk, Food Chain Prossh, Gitrog Dredge, Najeela Hermit Hulk, Najeela Tempo, Selvala Brostorm, Shuffle Hulk, Varolz Hulk
Disenchant	2	1	Kraum's MANly Combo
Desperate Ritual	2	1	Godo Helm
Force of Will	5	37	4c Rashmi, BUGR Paradox Scepter, Baral Control, Breakfast Hulk, Breya Consultation, Divergent Control, Doomsday Breya, Doomsday Yidris, Doomsday Zur, E-MAN, Edric Turns, Food Chain Tazri, Grixis Consultation, Grixis Twin, HE-MAN, High Tide Jace, Jeleva Storm, Kess Storm, Kraum's MANly Combo, Mimeo Reanimator Hulk, Momir Hackball, Najeela Hermit Hulk, Najeela Tempo, Opus Thief, Paradox Arcum, Paradox Scepter Thrasios, Rashmi Control, Razakats, SBT Grave Combos, Scepter Control, Scion Reanimator, Seasons Pastigur, Shimmer Zur, Shuffle Hulk, Tazri Hulk, Teferi Chain Veil, Zuran Consultation
Spell Pierce	1	22	Baral Control, Breya Consultation, Doomsday Yidris, Doomsday Zur, Edric Turns, Food Chain Tazri, Grixis Consultation, High Tide Jace, Jeleva Storm, Momir Hackball, Najeela Hermit Hulk, Najeela Tempo, Opus Thief, Paradox Arcum, Paradox Scepter Thrasios, Rad Farm, Rashmi Control, SBT Grave Combos, Shimmer Zur, Tazri Hulk, Teferi Chain Veil, Zuran Consultation
Slaughter Pact	0	3	Buried Alive Razaketh Sidisi, Sidisi Ad Naus Fishbowl, Varolz Hulk
High Tide	1	7	Doomsday Yidris, Doomsday Zur, High Tide Jace, Jeleva Storm, Kess Storm, Shimmer Zur, Teferi Chain Veil
Seething Song	3	3	Godo Helm, Jeleva Storm, Mad Farm
Natural State	1	7	BUGR Paradox Scepter, HE-MAN, Hulkweaver, Mimeo Reanimator Hulk, Najeela Tempo, Rashmi Control, T&T Hulkball
Brainstorm	1	41	4c Rashmi, BUGR Paradox Scepter, Baral Control, Breakfast Hulk, Breya Consultation, Divergent Control, Doomsday Breya, Doomsday Yidris, Doomsday Zur, E-MAN, Food Chain Tazri, Grixis Consultation, Grixis Twin, HE-MAN, Harvest Animar, High Tide Jace, Hulkweaver, Jeleva Storm, Kess Storm, Kraum's MANly Combo, Melt Banana, Mimeo Reanimator Hulk, Momir Hackball, Najeela Hermit Hulk, Najeela Tempo, Nooze Reanimator, Opus Thief, Paradox Arcum, Paradox Scepter Thrasios, Rad Farm, Rashmi Control, Razakats, SBT Grave Combos, Scepter Control, Scion Reanimator, Seasons Pastigur, Shimmer Zur, Shuffle Hulk, Tazri Hulk, Teferi Chain Veil, Zuran Consultation
Mana Tithe	1	1	Bad Farm
Fork	2	1	Godo Helm
Culling the Weak	1	8	Bad Farm, Buried Alive Razaketh Sidisi, Gitrog Dredge, Mad Farm, Melt Banana, Rad Farm, Sidisi Ad Naus Fishbowl, Varolz Hulk
Sacrifice	1	1	Buried Alive Razaketh Sidisi
Vampiric Tutor	1	47	4c Lightning Druid, 4c Rashmi, 5c Lightning Druid, BUGR Paradox Scepter, Bad Farm, Blood Pod, Breakfast Hulk, Breya Consultation, Buried Alive Razaketh Sidisi, Divergent Control, Doomsday Breya, Doomsday Yidris, Doomsday Zur, E-MAN, Food Chain Prossh, Food Chain Tazri, Gitrog Dredge, Grixis Consultation, Grixis Twin, HE-MAN, Honorbru Meren, Hulkweaver, Jeleva Storm, Kess Storm, Kraum's MANly Combo, Mad Farm, Melt Banana, Meta Pod, Mimeo Reanimator Hulk, Najeela Hermit Hulk, Najeela Tempo, Nooze Reanimator, Opus Thief, Paradox Scepter Thrasios, Rad Farm, Razakats, SBT Grave Combos, Scepter Control, Scion Reanimator, Seasons Pastigur, Shimmer Zur, Shuffle Hulk, Sidisi Ad Naus Fishbowl, T&T Hulkball, Tazri Hulk, Varolz Hulk, Zuran Consultation
Frantic Search	3	17	Breya Consultation, Doomsday Breya, Doomsday Yidris, Doomsday Zur, Grixis Consultation, Grixis Twin, High Tide Jace, Jeleva Storm, Kess Storm, Mimeo Reanimator Hulk, Nooze Reanimator, Rad Farm, Rashmi Control, Razakats, Scion Reanimator, Shimmer Zur, Zuran Consultation
Mind Bend	1	1	Momir Hackball
Kozilek's Return	3	2	4c Rashmi, Divergent Control
Unified Will	2	1	Edric Turns
Thunderclap	3	1	Godo Helm
Songs of the Damned	1	1	Buried Alive Razaketh Sidisi
Stifle	1	2	E-MAN, Tazri Hulk
Benefactor's Draught	2	2	Midrange Yisan, Selvala Brostorm
Crop Rotation	1	12	Bad Farm, Edric Turns, Gitrog Dredge, Harvest Animar, Honorbru Meren, Midrange Yisan, Momir Hackball, Paradox Sisay, Rad Farm, Seasons Pastigur, Selvala Brostorm, Varolz Hulk
Ad Nauseam	5	31	BUGR Paradox Scepter, Bad Farm, Breakfast Hulk, Breya Consultation, Buried Alive Razaketh Sidisi, Divergent Control, Doomsday Breya, Doomsday Yidris, Doomsday Zur, E-MAN, Food Chain Prossh, Food Chain Tazri, Gitrog Dredge, Grixis Consultation, HE-MAN, Jeleva Storm, Kess Storm, Kraum's MANly Combo, Mad Farm, Melt Banana, Opus Thief, Paradox Scepter Thrasios, Rad Farm, SBT Grave Combos, Scepter Control, Seasons Pastigur, Shimmer Zur, Sidisi Ad Naus Fishbowl, Tazri Hulk, Varolz Hulk, Zuran Consultation
Angel's Grace	1	11	Bad Farm, Breya Consultation, Doomsday Zur, E-MAN, HE-MAN, Mad Farm, Opus Thief, Paradox Scepter Thrasios, Rad Farm, Shimmer Zur, Zuran Consultation
Rending Volley	1	1	Mad Farm
Gush	5	5	Doomsday Yidris, Doomsday Zur, Jeleva Storm, Kess Storm, Shimmer Zur
Dramatic Reversal	2	23	4c Rashmi, BUGR Paradox Scepter, Baral Control, Breya Consultation, Divergent Control, Doomsday Yidris, Doomsday Zur, E-MAN, Grixis Consultation, HE-MAN, High Tide Jace, Jeleva Storm, Kess Storm, Kraum's MANly Combo, Melt Banana, Nooze Reanimator, Paradox Scepter Thrasios, Rad Farm, Rashmi Control, Scepter Control, Seasons Pastigur, Shimmer Zur, Zuran Consultation
Chaos Warp	3	1	Godo Helm
Silence	1	21	Bad Farm, Breakfast Hulk, Breya Consultation, Doomsday Breya, Doomsday Zur, E-MAN, Food Chain Tazri, HE-MAN, Hulkweaver, Kraum's MANly Combo, Mad Farm, Najeela Hermit Hulk, Najeela Tempo, Opus Thief, Paradox Scepter Thrasios, Rad Farm, Razakats, Shimmer Zur, Shuffle Hulk, T&T Hulkball, Zuran Consultation
Berserk	1	1	Selvala Brostorm
Unwind	3	1	Baral Control
Intuition	3	16	BUGR Paradox Scepter, Doomsday Yidris, Doomsday Zur, Grixis Consultation, Grixis Twin, High Tide Jace, Hulkweaver, Jeleva Storm, Kess Storm, Melt Banana, Mimeo Reanimator Hulk, Rashmi Control, Razakats, Scion Reanimator, Seasons Pastigur, Teferi Chain Veil
Final Fortune	2	2	Food Chain Prossh, Godo Helm
Flusterstorm	1	36	4c Rashmi, BUGR Paradox Scepter, Baral Control, Breakfast Hulk, Breya Consultation, Divergent Control, Doomsday Breya, Doomsday Yidris, Doomsday Zur, E-MAN, Edric Turns, Food Chain Tazri, Grixis Consultation, HE-MAN, Harvest Animar, High Tide Jace, Jeleva Storm, Kess Storm, Kraum's MANly Combo, Mimeo Reanimator Hulk, Momir Hackball, Najeela Hermit Hulk, Najeela Tempo, Opus Thief, Paradox Arcum, Paradox Scepter Thrasios, Rad Farm, Rashmi Control, SBT Grave Combos, Scepter Control, Scion Reanimator, Seasons Pastigur, Shimmer Zur, Shuffle Hulk, Teferi Chain Veil, Zuran Consultation
Dark Ritual	1	33	BUGR Paradox Scepter, Bad Farm, Breya Consultation, Buried Alive Razaketh Sidisi, Divergent Control, Doomsday Breya, Doomsday Yidris, Doomsday Zur, E-MAN, Food Chain Prossh, Food Chain Tazri, Gitrog Dredge, Grixis Consultation, Grixis Twin, Jeleva Storm, Kess Storm, Kraum's MANly Combo, Mad Farm, Melt Banana, Mimeo Reanimator Hulk, Nooze Reanimator, Opus Thief, Paradox Scepter Thrasios, Rad Farm, Razakats, SBT Grave Combos, Scion Reanimator, Shimmer Zur, Sidisi Ad Naus Fishbowl, T&T Hulkball, Tazri Hulk, Varolz Hulk, Zuran Consultation
Abrupt Decay	2	28	4c Rashmi, BUGR Paradox Scepter, Bad Farm, Blood Pod, Breakfast Hulk, Divergent Control, Doomsday Yidris, E-MAN, Food Chain Prossh, Food Chain Tazri, Gitrog Dredge, Honorbru Meren, Melt Banana, Meta Pod, Mimeo Reanimator Hulk, Najeela Hermit Hulk, Najeela Tempo, Nooze Reanimator, Paradox Scepter Thrasios, Rad Farm, Razakats, SBT Grave Combos, Scepter Control, Seasons Pastigur, Shuffle Hulk, T&T Hulkball, Tazri Hulk, Varolz Hulk
Corpse Dance	3	1	Buried Alive Razaketh Sidisi
Mystic Confluence	5	1	Baral Control
Deglamer	2	1	Selvala Brostorm
Into the Roil	2	6	Breya Consultation, Doomsday Yidris, Paradox Arcum, Rashmi Control, Scepter Control, Teferi Chain Veil
Reality Shift	2	5	Baral Control, Nooze Reanimator, Rashmi Control, Scepter Control, Seasons Pastigur
Chain of Vapor	1	35	4c Lightning Druid, 4c Rashmi, 5c Lightning Druid, BUGR Paradox Scepter, Baral Control, Breakfast Hulk, Breya Consultation, Divergent Control, Doomsday Breya, Doomsday Yidris, Doomsday Zur, E-MAN, Food Chain Tazri, Grixis Consultation, Grixis Twin, HE-MAN, High Tide Jace, Jeleva Storm, Kess Storm, Kraum's MANly Combo, Melt Banana, Mimeo Reanimator Hulk, Najeela Hermit Hulk, Opus Thief, Paradox Arcum, Paradox Scepter Thrasios, Rad Farm, Rashmi Control, SBT Grave Combos, Scepter Control, Shimmer Zur, Shuffle Hulk, Tazri Hulk, Teferi Chain Veil, Zuran Consultation
Flash of Insight	2	2	SBT Grave Combos, Tazri Hulk
Remand	2	2	Baral Control, Jeleva Storm
Rebuild	3	2	Grixis Consultation, Kess Storm
Swan Song	1	40	4c Rashmi, BUGR Paradox Scepter, Baral Control, Breakfast Hulk, Breya Consultation, Divergent Control, Doomsday Breya, Doomsday Yidris, Doomsday Zur, E-MAN, Food Chain Tazri, Grixis Consultation, Grixis Twin, HE-MAN, Harvest Animar, High Tide Jace, Hulkweaver, Jeleva Storm, Kess Storm, Kraum's MANly Combo, Mimeo Reanimator Hulk, Momir Hackball, Najeela Hermit Hulk, Najeela Tempo, Nooze Reanimator, Opus Thief, Paradox Arcum, Paradox Scepter Thrasios, Rad Farm, Rashmi Control, Razakats, SBT Grave Combos, Scepter Control, Scion Reanimator, Seasons Pastigur, Shimmer Zur, Shuffle Hulk, Tazri Hulk, Teferi Chain Veil, Zuran Consultation
Mausoleum Secrets	2	1	Varolz Hulk
Pyroblast	1	18	4c Rashmi, BUGR Paradox Scepter, Blood Pod, Breya Consultation, Divergent Control, Doomsday Breya, Food Chain Prossh, Godo Helm, Grixis Consultation, Grixis Twin, Jeleva Storm, Kess Storm, Kraum's MANly Combo, Mad Farm, Meta Pod, Najeela Hermit Hulk, Najeela Tempo, T&T Hulkball
Abrade	2	4	Godo Helm, Grixis Consultation, Melt Banana, T&T Hulkball
Stroke of Genius	3	3	Baral Control, Rashmi Control, Teferi Chain Veil
Turnabout	4	1	High Tide Jace
Tainted Pact	2	17	BUGR Paradox Scepter, Bad Farm, Breya Consultation, Doomsday Breya, Doomsday Yidris, Food Chain Prossh, Food Chain Tazri, Grixis Consultation, Grixis Twin, Kraum's MANly Combo, Mad Farm, Najeela Tempo, Opus Thief, Paradox Scepter Thrasios, SBT Grave Combos, Tazri Hulk, Zuran Consultation
Plunge into Darkness	2	6	Breya Consultation, Food Chain Prossh, Food Chain Tazri, Kraum's MANly Combo, Najeela Tempo, Paradox Scepter Thrasios
Reclaim	1	1	Edric Turns
Impulse	2	15	BUGR Paradox Scepter, Baral Control, Doomsday Zur, Grixis Consultation, HE-MAN, High Tide Jace, Jeleva Storm, Kess Storm, Kraum's MANly Combo, Paradox Arcum, Rashmi Control, Scepter Control, Shimmer Zur, Teferi Chain Veil, Zuran Consultation
Savage Summoning	1	1	Gitrog Dredge
Ancient Animus	2	1	Harvest Animar
Ricochet Trap	4	1	Godo Helm
Mystical Tutor	1	43	4c Lightning Druid, 4c Rashmi, 5c Lightning Druid, BUGR Paradox Scepter, Baral Control, Breakfast Hulk, Breya Consultation, Divergent Control, Doomsday Breya, Doomsday Yidris, Doomsday Zur, E-MAN, Edric Turns, Food Chain Tazri, Grixis Consultation, Grixis Twin, HE-MAN, Harvest Animar, High Tide Jace, Hulkweaver, Jeleva Storm, Kess Storm, Kraum's MANly Combo, Melt Banana, Mimeo Reanimator Hulk, Momir Hackball, Najeela Hermit Hulk, Najeela Tempo, Nooze Reanimator, Opus Thief, Paradox Arcum, Paradox Scepter Thrasios, Rad Farm, Rashmi Control, Razakats, SBT Grave Combos, Scepter Control, Scion Reanimator, Shimmer Zur, Shuffle Hulk, Tazri Hulk, Teferi Chain Veil, Zuran Consultation
Goryo's Vengeance	2	1	Buried Alive Razaketh Sidisi
Pull from Tomorrow	2	4	Baral Control, High Tide Jace, Rashmi Control, Teferi Chain Veil
Zealous Persecution	2	1	Meta Pod
Might of Old Krosa	1	1	Selvala Brostorm
Manamorphose	2	3	BUGR Paradox Scepter, Doomsday Yidris, Melt Banana
Unsubstantiate	2	1	Jeleva Storm
Nexus of Fate	7	1	Edric Turns
Cyclonic Rift	2	28	4c Rashmi, BUGR Paradox Scepter, Baral Control, Breakfast Hulk, Breya Consultation, Divergent Control, Doomsday Yidris, Doomsday Zur, E-MAN, Edric Turns, Grixis Consultation, Grixis Twin, HE-MAN, High Tide Jace, Hulkweaver, Jeleva Storm, Kess Storm, Kraum's MANly Combo, Mimeo Reanimator Hulk, Najeela Tempo, Paradox Arcum, Paradox Scepter Thrasios, Rashmi Control, Scepter Control, Seasons Pastigur, Shimmer Zur, Teferi Chain Veil, Zuran Consultation
Red Elemental Blast	1	12	BUGR Paradox Scepter, Breya Consultation, Food Chain Prossh, Godo Helm, Grixis Consultation, Grixis Twin, Jeleva Storm, Kraum's MANly Combo, Mad Farm, Meta Pod, Najeela Hermit Hulk, T&T Hulkball
Counterspell	2	19	4c Rashmi, Baral Control, Breya Consultation, Divergent Control, Doomsday Zur, Edric Turns, Grixis Consultation, Grixis Twin, High Tide Jace, Kess Storm, Najeela Tempo, Opus Thief, Paradox Scepter Thrasios, Rashmi Control, Scepter Control, Seasons Pastigur, Shimmer Zur, Teferi Chain Veil, Zuran Consultation
Assassin's Trophy	2	19	4c Rashmi, BUGR Paradox Scepter, Bad Farm, Breakfast Hulk, Divergent Control, E-MAN, Food Chain Tazri, Gitrog Dredge, Honorbru Meren, Meta Pod, Mimeo Reanimator Hulk, Najeela Hermit Hulk, Najeela Tempo, Paradox Scepter Thrasios, Rad Farm, Razakats, Scepter Control, Seasons Pastigur, Varolz Hulk
Nature's Claim	1	34	4c Rashmi, BUGR Paradox Scepter, Bad Farm, Blood Pod, Breakfast Hulk, Divergent Control, Doomsday Yidris, E-MAN, Edric Turns, Food Chain Prossh, Food Chain Tazri, Gitrog Dredge, HE-MAN, Honorbru Meren, Hulkweaver, Melt Banana, Midrange Yisan, Mimeo Reanimator Hulk, Momir Hackball, Najeela Hermit Hulk, Najeela Tempo, Nooze Reanimator, Paradox Scepter Thrasios, Paradox Sisay, Rashmi Control, Razakats, SBT Grave Combos, Scepter Control, Scion Reanimator, Selvala Brostorm, Shuffle Hulk, T&T Hulkball, Tazri Hulk, Varolz Hulk
Eladamri's Call	2	10	4c Lightning Druid, 5c Lightning Druid, Breakfast Hulk, Hulkweaver, Meta Pod, Najeela Hermit Hulk, Najeela Tempo, Paradox Sisay, Shuffle Hulk, T&T Hulkball
Magnetic Theft	1	1	Godo Helm
Dispel	1	33	4c Rashmi, BUGR Paradox Scepter, Baral Control, Breakfast Hulk, Breya Consultation, Divergent Control, Doomsday Breya, Doomsday Zur, E-MAN, Edric Turns, Food Chain Tazri, Grixis Consultation, Grixis Twin, HE-MAN, Harvest Animar, High Tide Jace, Hulkweaver, Jeleva Storm, Kess Storm, Kraum's MANly Combo, Momir Hackball, Najeela Hermit Hulk, Najeela Tempo, Opus Thief, Paradox Scepter Thrasios, Rad Farm, Rashmi Control, SBT Grave Combos, Scepter Control, Scion Reanimator, Shuffle Hulk, Teferi Chain Veil, Zuran Consultation
Spectral Shift	2	1	Momir Hackball
Quicken	1	1	Shimmer Zur
Demonic Consultation	1	11	Breya Consultation, Doomsday Zur, Food Chain Prossh, Food Chain Tazri, Grixis Consultation, Grixis Twin, Kess Storm, Najeela Tempo, Opus Thief, Tazri Hulk, Zuran Consultation
Shadow of Doubt	2	1	Seasons Pastigur
Delay	2	31	4c Rashmi, Baral Control, Breakfast Hulk, Breya Consultation, Divergent Control, Doomsday Breya, Doomsday Yidris, Doomsday Zur, E-MAN, Edric Turns, Food Chain Tazri, Grixis Consultation, HE-MAN, High Tide Jace, Hulkweaver, Jeleva Storm, Kess Storm, Kraum's MANly Combo, Mimeo Reanimator Hulk, Momir Hackball, Najeela Tempo, Nooze Reanimator, Opus Thief, Paradox Arcum, Paradox Scepter Thrasios, Rad Farm, Rashmi Control, Scepter Control, Shimmer Zur, Teferi Chain Veil, Zuran Consultation
Snap	2	4	Doomsday Zur, High Tide Jace, Jeleva Storm, Kess Storm
Daze	2	1	4c Lightning Druid
Enlightened Tutor	1	28	4c Lightning Druid, 5c Lightning Druid, Bad Farm, Blood Pod, Breakfast Hulk, Breya Consultation, Doomsday Breya, Doomsday Zur, E-MAN, Food Chain Tazri, HE-MAN, Hulkweaver, Kraum's MANly Combo, Mad Farm, Meta Pod, Najeela Hermit Hulk, Najeela Tempo, Opus Thief, Paradox Scepter Thrasios, Paradox Sisay, Rad Farm, Razakats, Scion Reanimator, Shimmer Zur, Shuffle Hulk, T&T Hulkball, Tazri Hulk, Zuran Consultation
Beast Within	3	6	Gitrog Dredge, Midrange Yisan, Paradox Sisay, Rashmi Control, Seasons Pastigur, Selvala Brostorm
Shallow Grave	2	5	4c Lightning Druid, 5c Lightning Druid, Buried Alive Razaketh Sidisi, SBT Grave Combos, Varolz Hulk
Alter Reality	2	1	Momir Hackball
Misdirection	5	4	4c Rashmi, E-MAN, Najeela Hermit Hulk, Shuffle Hulk
Fire Covenant	3	17	4c Rashmi, BUGR Paradox Scepter, Blood Pod, Divergent Control, Doomsday Breya, Doomsday Yidris, Food Chain Prossh, Food Chain Tazri, Grixis Twin, Kraum's MANly Combo, Meta Pod, Najeela Hermit Hulk, Najeela Tempo, Nooze Reanimator, Scion Reanimator, T&T Hulkball, Tazri Hulk
Guttural Response	1	2	Food Chain Prossh, T&T Hulkball
Submerge	5	2	High Tide Jace, Rashmi Control
Reap	2	1	4c Rashmi
Glamerdye	2	1	Momir Hackball
Rapid Hybridization	1	3	Rashmi Control, Scepter Control, Seasons Pastigur
Pull from Eternity	1	1	Doomsday Breya
Divergent Transformations	7	1	Divergent Control
Invigorate	3	1	Selvala Brostorm
Anticipate	2	1	Baral Control
Groundswell	1	1	Selvala Brostorm
Pulse of the Grid	3	1	Teferi Chain Veil
Stubborn Denial	1	2	Scepter Control, Seasons Pastigur
Whim of Volrath	1	1	Momir Hackball
Hurkyl's Recall	2	3	Paradox Arcum, Rashmi Control, Shimmer Zur
Blue Sun's Zenith	3	2	Baral Control, High Tide Jace
Obsessive Search	1	2	Baral Control, High Tide Jace
Entomb	1	21	4c Lightning Druid, 5c Lightning Druid, Bad Farm, Buried Alive Razaketh Sidisi, Doomsday Breya, Food Chain Tazri, Gitrog Dredge, Grixis Twin, Honorbru Meren, Hulkweaver, Mad Farm, Mimeo Reanimator Hulk, Nooze Reanimator, Rad Farm, Razakats, SBT Grave Combos, Scion Reanimator, Shuffle Hulk, T&T Hulkball, Tazri Hulk, Varolz Hulk
Fact or Fiction	4	6	4c Rashmi, Baral Control, Divergent Control, High Tide Jace, Rashmi Control, Teferi Chain Veil
Prohibit	2	1	Rashmi Control
Mental Misstep	1	41	4c Lightning Druid, 4c Rashmi, 5c Lightning Druid, BUGR Paradox Scepter, Baral Control, Breakfast Hulk, Breya Consultation, Divergent Control, Doomsday Breya, Doomsday Yidris, Doomsday Zur, E-MAN, Edric Turns, Food Chain Tazri, Grixis Consultation, Grixis Twin, HE-MAN, Harvest Animar, High Tide Jace, Hulkweaver, Jeleva Storm, Kess Storm, Kraum's MANly Combo, Mimeo Reanimator Hulk, Momir Hackball, Najeela Hermit Hulk, Najeela Tempo, Opus Thief, Paradox Arcum, Paradox Scepter Thrasios, Rad Farm, Rashmi Control, Razakats, SBT Grave Combos, Scepter Control, Scion Reanimator, Shimmer Zur, Shuffle Hulk, Tazri Hulk, Teferi Chain Veil, Zuran Consultation
Pongify	1	6	High Tide Jace, Momir Hackball, Rashmi Control, Scepter Control, Scion Reanimator, Shuffle Hulk
Momentous Fall	4	1	Selvala Brostorm
Memory's Journey	2	5	Breakfast Hulk, Hulkweaver, SBT Grave Combos, Shuffle Hulk, Tazri Hulk
Darkblast	1	1	Gitrog Dredge
Rain of Filth	1	7	Bad Farm, Buried Alive Razaketh Sidisi, Gitrog Dredge, Mad Farm, Melt Banana, Sidisi Ad Naus Fishbowl, Varolz Hulk
Muddle the Mixture	2	5	Baral Control, High Tide Jace, Paradox Scepter Thrasios, Rashmi Control, Teferi Chain Veil
Noxious Revival	1	33	4c Lightning Druid, 4c Rashmi, 5c Lightning Druid, BUGR Paradox Scepter, Bad Farm, Breakfast Hulk, Divergent Control, Doomsday Yidris, E-MAN, Edric Turns, Food Chain Prossh, Food Chain Tazri, Gitrog Dredge, HE-MAN, Honorbru Meren, Hulkweaver, Melt Banana, Meta Pod, Mimeo Reanimator Hulk, Najeela Hermit Hulk, Najeela Tempo, Nooze Reanimator, Paradox Scepter Thrasios, Paradox Sisay, Rad Farm, Rashmi Control, Razakats, SBT Grave Combos, Scepter Control, Scion Reanimator, Seasons Pastigur, Shuffle Hulk, Tazri Hulk
